date,hora_number,hora_lord,hora_start,hora_end,is_day_hora,weekday,tithi,tithi_number,paksha,tithi_group,tithi_lord,moon_nakshatra,moon_nakshatra_number,sun_nakshatra,sun_nakshatra_number,pada,lagna_sign,lagna_number,lagna_degree,sun_longitude,moon_longitude,sun_sign,sun_sign_number,moon_sign,moon_sign_number,sun_navamsha,moon_navamsha,saturn_sign,saturn_from_sun,saturn_kendra_from_sun,saturn_from_moon,saturn_kendra_from_moon,sade_sati,sade_sati_phase,open,high,low,close,up_move,down_move,trading_range,candle_count,return_pct,direction,strength,body
2026-04-27,4,MARS,2026-04-27 08:29:21.944007+05:30,2026-04-27 09:33:55.106438+05:30,True,0,SHUKLA_EKADASHI,11,SHUKLA,NANDA,VENUS,PURVA_PHALGUNI,11,ASHWINI,1,2,GEMINI,3,2.6985736119569594,12.652130480916146,139.81838685057662,ARIES,1,LEO,5,CANCER,VIRGO,PISCES,12,False,8,False,False,,23945.45,24067.5,23936.2,24008.85,122.04999999999927,9.25,131.29999999999927,4,0.26476846331974474,Bullish,Bull,63.39999999999782
2026-04-27,5,SUN,2026-04-27 09:33:55.106438+05:30,2026-04-27 10:38:28.268869+05:30,True,0,SHUKLA_EKADASHI,11,SHUKLA,NANDA,VENUS,PURVA_PHALGUNI,11,ASHWINI,1,3,GEMINI,3,17.357837839074563,12.69573587921907,140.39529868765402,ARIES,1,LEO,5,CANCER,LIBRA,PISCES,12,False,8,False,False,,24008.9,24107.6,23998.3,24017.25,98.69999999999709,10.600000000002183,109.29999999999927,13,0.03477876953962299,Bullish,Neutral,8.349999999998545
2026-04-27,6,VENUS,2026-04-27 10:38:28.268869+05:30,2026-04-27 11:43:01.431300+05:30,True,0,SHUKLA_EKADASHI,11,SHUKLA,NANDA,VENUS,PURVA_PHALGUNI,11,ASHWINI,1,3,CANCER,4,1.595627749636435,12.739340130397075,140.97175153696628,ARIES,1,LEO,5,CANCER,LIBRA,PISCES,12,False,8,False,False,,24016.25,24088.95,23974.4,23998.65,72.70000000000073,41.849999999998545,114.54999999999927,13,-0.07328371415187028,Bearish,Neutral,17.599999999998545
2026-04-27,7,MERCURY,2026-04-27 11:43:01.431300+05:30,2026-04-27 12:47:34.593731+05:30,True,0,SHUKLA_EKADASHI,11,SHUKLA,NANDA,VENUS,PURVA_PHALGUNI,11,ASHWINI,1,3,CANCER,4,15.771067788429363,12.782943235848109,141.5477489370524,ARIES,1,LEO,5,CANCER,LIBRA,PISCES,12,False,8,False,False,,23998.45,24092.85,23984.3,24072.7,94.39999999999782,14.150000000001455,108.54999999999927,13,0.30939498175923863,Bullish,Bull,74.25
2026-04-27,8,MOON,2026-04-27 12:47:34.593731+05:30,2026-04-27 13:52:07.756162+05:30,True,0,SHUKLA_EKADASHI,11,SHUKLA,NANDA,VENUS,PURVA_PHALGUNI,11,ASHWINI,1,3,LEO,5,0.11695231816260332,12.826545198383553,142.1232944227063,ARIES,1,LEO,5,CANCER,LIBRA,PISCES,12,False,8,False,False,,24072.75,24129.55,24065.45,24116.3,56.79999999999927,7.299999999999272,64.09999999999854,13,0.18090995004724958,Bullish,Neutral,43.54999999999927
2026-04-27,9,SATURN,2026-04-27 13:52:07.756162+05:30,2026-04-27 14:56:40.918593+05:30,True,0,SHUKLA_EKADASHI,11,SHUKLA,NANDA,VENUS,PURVA_PHALGUNI,11,ASHWINI,1,3,LEO,5,14.727758509156104,12.870146018057023,142.69839147028495,ARIES,1,LEO,5,CANCER,LIBRA,PISCES,12,False,8,False,False,,24115.2,24130.7,24078.9,24121.95,15.5,36.29999999999927,51.79999999999927,13,0.027990644904458597,Bullish,Neutral,6.75
2026-04-27,10,JUPITER,2026-04-27 14:56:40.918593+05:30,2026-04-27 16:01:14.081024+05:30,True,0,SHUKLA_EKADASHI,11,SHUKLA,NANDA,VENUS,PURVA_PHALGUNI,11,ASHWINI,1,3,LEO,5,29.561209998539113,12.91374569640981,143.27304355080133,ARIES,1,LEO,5,CANCER,LIBRA,PISCES,12,False,8,False,False,,24118.2,24119.45,24077.85,24110.2,1.25,40.35000000000218,41.60000000000218,6,-0.03316997122504996,Bearish,Neutral,8.0
2026-04-28,4,MERCURY,2026-04-28 08:28:55.579883+05:30,2026-04-28 09:33:34.505694+05:30,True,1,SHUKLA_DVADASHI,12,SHUKLA,BHADRA,MERCURY,UTTARA_PHALGUNI,12,BHARANI,2,2,GEMINI,3,3.509759130325847,13.624284642324247,152.58032411602917,ARIES,1,VIRGO,6,LEO,CAPRICORN,PISCES,12,False,7,True,False,,24049.9,24133.65,23999.25,24105.95,83.75,50.650000000001455,134.40000000000146,4,0.23305710210852962,Bullish,Bull,56.04999999999927
2026-04-28,5,MOON,2026-04-28 09:33:34.505694+05:30,2026-04-28 10:38:13.431505+05:30,True,1,SHUKLA_DVADASHI,12,SHUKLA,BHADRA,MERCURY,UTTARA_PHALGUNI,12,BHARANI,2,2,GEMINI,3,18.156501790708404,13.66792966460222,153.1486451518006,ARIES,1,VIRGO,6,LEO,CAPRICORN,PISCES,12,False,7,True,False,,24107.0,24181.8,24090.55,24139.8,74.79999999999927,16.450000000000728,91.25,13,0.1360600655411261,Bullish,Neutral,32.79999999999927
2026-04-28,6,SATURN,2026-04-28 10:38:13.431505+05:30,2026-04-28 11:42:52.357316+05:30,True,1,SHUKLA_DVADASHI,12,SHUKLA,BHADRA,MERCURY,UTTARA_PHALGUNI,12,BHARANI,2,3,CANCER,4,2.403560946304097,13.711573570647637,153.71657886172733,ARIES,1,VIRGO,6,LEO,AQUARIUS,PISCES,12,False,7,True,False,,24139.95,24174.65,24045.35,24085.4,34.70000000000073,94.60000000000218,129.3000000000029,13,-0.22597395603553144,Bearish,Bear,54.54999999999927
2026-04-28,7,JUPITER,2026-04-28 11:42:52.357316+05:30,2026-04-28 12:47:31.283127+05:30,True,1,SHUKLA_DVADASHI,12,SHUKLA,BHADRA,MERCURY,UTTARA_PHALGUNI,12,BHARANI,2,3,CANCER,4,16.60492836741855,13.755216361553416,154.2841281792594,ARIES,1,VIRGO,6,LEO,AQUARIUS,PISCES,12,False,7,True,False,,24086.45,24093.8,23992.3,24031.45,7.349999999998545,94.15000000000146,101.5,13,-0.2283441520024744,Bearish,Bear,55.0
2026-04-28,8,MARS,2026-04-28 12:47:31.283127+05:30,2026-04-28 13:52:10.208938+05:30,True,1,SHUKLA_DVADASHI,12,SHUKLA,BHADRA,MERCURY,UTTARA_PHALGUNI,12,BHARANI,2,3,LEO,5,0.9866674348187985,13.798858038496487,154.85129600637688,ARIES,1,VIRGO,6,LEO,AQUARIUS,PISCES,12,False,7,True,False,,24033.1,24049.0,23961.25,24010.45,15.900000000001455,71.84999999999854,87.75,13,-0.09424502040934303,Bearish,Neutral,22.649999999997817
2026-04-28,9,SUN,2026-04-28 13:52:10.208938+05:30,2026-04-28 14:56:49.134749+05:30,True,1,SHUKLA_DVADASHI,12,SHUKLA,BHADRA,MERCURY,UTTARA_PHALGUNI,12,BHARANI,2,3,LEO,5,15.635265189780284,13.842498603904486,155.41808523108924,ARIES,1,VIRGO,6,LEO,AQUARIUS,PISCES,12,False,7,True,False,,24011.05,24046.45,23972.95,24039.15,35.400000000001455,38.099999999998545,73.5,13,0.11702945102360031,Bullish,Neutral,28.100000000002183
2026-04-28,10,VENUS,2026-04-28 14:56:49.134749+05:30,2026-04-28 16:01:28.060560+05:30,True,1,SHUKLA_DVADASHI,12,SHUKLA,BHADRA,MERCURY,UTTARA_PHALGUNI,12,BHARANI,2,3,VIRGO,6,0.5005809586560304,13.886138058980118,155.98449869201127,ARIES,1,VIRGO,6,LEO,AQUARIUS,PISCES,12,False,7,True,False,,24039.85,24042.45,23957.05,24016.5,2.600000000002183,82.79999999999927,85.40000000000146,6,-0.09713038974868207,Bearish,Neutral,23.349999999998545
2026-04-29,4,JUPITER,2026-04-29 08:28:29.878183+05:30,2026-04-29 09:33:14.515738+05:30,True,2,SHUKLA_TRAYODASHI,13,SHUKLA,JAYA,MARS,HASTA,13,BHARANI,2,2,GEMINI,3,4.320995706838033,14.595891892961099,165.14820120745952,ARIES,1,VIRGO,6,LEO,TAURUS,PISCES,12,False,7,True,False,,24096.9,24126.95,24059.95,24092.35,30.049999999999272,36.95000000000073,67.0,4,-0.01888209686724396,Bearish,Neutral,4.55000000000291
2026-04-29,5,MARS,2026-04-29 09:33:14.515738+05:30,2026-04-29 10:37:59.153293+05:30,True,2,SHUKLA_TRAYODASHI,13,SHUKLA,JAYA,MARS,HASTA,13,BHARANI,2,2,GEMINI,3,18.956221722494163,14.63957666062855,165.7093674301076,ARIES,1,VIRGO,6,LEO,TAURUS,PISCES,12,False,7,True,False,,24093.15,24296.3,24087.55,24268.7,203.14999999999782,5.600000000002183,208.75,13,0.7286303368384759,Bullish,Strong Bull,175.54999999999927
2026-04-29,6,SUN,2026-04-29 10:37:59.153293+05:30,2026-04-29 11:42:43.790848+05:30,True,2,SHUKLA_TRAYODASHI,13,SHUKLA,JAYA,MARS,HASTA,13,BHARANI,2,2,CANCER,4,3.2134222950008677,14.683260344128204,166.27020330870076,ARIES,1,VIRGO,6,LEO,TAURUS,PISCES,12,False,7,True,False,,24271.1,24298.95,24254.8,24271.85,27.850000000002183,16.299999999999272,44.150000000001455,13,0.0030900948041085903,Bullish,Neutral,0.75
2026-04-29,7,VENUS,2026-04-29 11:42:43.790848+05:30,2026-04-29 12:47:28.428403+05:30,True,2,SHUKLA_TRAYODASHI,13,SHUKLA,JAYA,MARS,HASTA,13,BHARANI,2,3,CANCER,4,17.44131307982346,14.726942946008645,166.83071110782737,ARIES,1,VIRGO,6,LEO,GEMINI,PISCES,12,False,7,True,False,,24273.3,24331.8,24263.65,24321.3,58.5,9.649999999997817,68.14999999999782,13,0.19774814302134444,Bullish,Neutral,48.0
2026-04-29,8,MERCURY,2026-04-29 12:47:28.428403+05:30,2026-04-29 13:52:13.065958+05:30,True,2,SHUKLA_TRAYODASHI,13,SHUKLA,JAYA,MARS,HASTA,13,BHARANI,2,3,LEO,5,1.8590916671650888,14.770624467957955,167.39089305097193,ARIES,1,VIRGO,6,LEO,GEMINI,PISCES,12,False,7,True,False,,24323.55,24334.7,24255.6,24269.85,11.150000000001455,67.95000000000073,79.10000000000218,13,-0.22077369462928204,Bearish,Bear,53.70000000000073
2026-04-29,9,MOON,2026-04-29 13:52:13.065958+05:30,2026-04-29 14:56:57.703513+05:30,True,2,SHUKLA_TRAYODASHI,13,SHUKLA,JAYA,MARS,HASTA,13,BHARANI,2,3,LEO,5,16.545164899397378,14.814304910445237,167.95075131516856,ARIES,1,VIRGO,6,LEO,GEMINI,PISCES,12,False,7,True,False,,24271.4,24280.0,24182.1,24185.45,8.599999999998545,89.30000000000291,97.90000000000146,13,-0.35412048748733377,Bearish,Bear,85.95000000000073
2026-04-29,10,SATURN,2026-04-29 14:56:57.703513+05:30,2026-04-29 16:01:42.341068+05:30,True,2,SHUKLA_TRAYODASHI,13,SHUKLA,JAYA,MARS,HASTA,13,BHARANI,2,3,VIRGO,6,1.4415776246975156,14.857984276144606,168.51028808362017,ARIES,1,VIRGO,6,LEO,GEMINI,PISCES,12,False,7,True,False,,24187.35,24209.8,24142.95,24163.6,22.450000000000728,44.39999999999782,66.84999999999854,6,-0.09819182341182478,Bearish,Neutral,23.75
2026-04-30,4,VENUS,2026-04-30 08:28:04.853136+05:30,2026-04-30 09:32:55.148904+05:30,True,3,SHUKLA_CHATURDASHI,14,SHUKLA,RIKTA,SATURN,CHITRA,14,BHARANI,2,2,GEMINI,3,5.132395120530418,15.566970207751277,177.55112723756048,ARIES,1,VIRGO,6,LEO,VIRGO,PISCES,12,False,7,True,False,,23996.95,24019.15,23864.55,23918.75,22.200000000000728,132.40000000000146,154.60000000000218,4,-0.3258747465823812,Bearish,Bear,78.20000000000073
2026-04-30,5,MERCURY,2026-04-30 09:32:55.148904+05:30,2026-04-30 10:37:45.444672+05:30,True,3,SHUKLA_CHATURDASHI,14,SHUKLA,RIKTA,SATURN,CHITRA,14,BHARANI,2,2,GEMINI,3,19.75710348450872,15.610694873548177,178.10624362589073,ARIES,1,VIRGO,6,LEO,VIRGO,PISCES,12,False,7,True,False,,23917.55,23956.45,23800.65,23851.75,38.900000000001455,116.89999999999782,155.79999999999927,13,-0.2751117902962439,Bearish,Bear,65.79999999999927
2026-04-30,6,MOON,2026-04-30 10:37:45.444672+05:30,2026-04-30 11:42:35.740440+05:30,True,3,SHUKLA_CHATURDASHI,14,SHUKLA,RIKTA,SATURN,CHITRA,14,BHARANI,2,2,CANCER,4,4.025302638065327,15.654418490544927,178.6610726496733,ARIES,1,VIRGO,6,LEO,VIRGO,PISCES,12,False,7,True,False,,23851.85,23857.3,23796.85,23835.65,5.450000000000728,55.0,60.45000000000073,13,-0.06791925993160737,Bearish,Neutral,16.19999999999709
2026-04-30,7,SATURN,2026-04-30 11:42:35.740440+05:30,2026-04-30 12:47:26.036208+05:30,True,3,SHUKLA_CHATURDASHI,14,SHUKLA,RIKTA,SATURN,CHITRA,14,BHARANI,2,2,CANCER,4,18.28028833094824,15.698141059966314,179.21561601331214,ARIES,1,VIRGO,6,LEO,VIRGO,PISCES,12,False,7,True,False,,23835.05,23934.15,23826.3,23926.8,99.10000000000218,8.75,107.85000000000218,13,0.3849373087113306,Bullish,Bull,91.75
2026-04-30,8,JUPITER,2026-04-30 12:47:26.036208+05:30,2026-04-30 13:52:16.331976+05:30,True,3,SHUKLA_CHATURDASHI,14,SHUKLA,RIKTA,SATURN,CHITRA,14,BHARANI,2,2,LEO,5,2.7342568180145292,15.741862584023316,179.76987541416398,ARIES,1,VIRGO,6,LEO,VIRGO,PISCES,12,False,7,True,False,,23925.85,24044.45,23908.05,24033.95,118.60000000000218,17.799999999999272,136.40000000000146,13,0.45181257928141405,Bullish,Bull,108.10000000000218
2026-04-30,9,MARS,2026-04-30 13:52:16.331976+05:30,2026-04-30 14:57:06.627744+05:30,True,3,SHUKLA_CHATURDASHI,14,SHUKLA,RIKTA,SATURN,CHITRA,14,BHARANI,2,3,LEO,5,17.45745147842095,15.785583064918836,180.32385253172234,ARIES,1,LIBRA,7,LEO,LIBRA,PISCES,12,False,6,False,False,,24033.6,24087.45,23984.45,24050.2,53.85000000000218,49.14999999999782,103.0,13,0.06906996871048109,Bullish,Neutral,16.600000000002183
2026-04-30,10,SUN,2026-04-30 14:57:06.627744+05:30,2026-04-30 16:01:56.923512+05:30,True,3,SHUKLA_CHATURDASHI,14,SHUKLA,RIKTA,SATURN,CHITRA,14,BHARANI,2,3,VIRGO,6,2.3841638653671566,15.829302503583557,180.87754901104677,ARIES,1,LIBRA,7,LEO,LIBRA,PISCES,12,False,6,False,False,,24051.95,24051.95,23962.95,24043.7,0.0,89.0,89.0,6,-0.03430075316138608,Bearish,Neutral,8.25
2026-05-04,4,MARS,2026-05-04 08:26:31.786371+05:30,2026-05-04 09:31:44.140625+05:30,True,0,KRISHNA_TRITIYA,18,KRISHNA,JAYA,MARS,ANURADHA,17,BHARANI,2,4,GEMINI,3,8.381815355240334,19.44637445200645,225.91026189392198,ARIES,1,SCORPIO,8,VIRGO,SCORPIO,PISCES,12,False,5,False,False,,24063.55,24245.85,24061.85,24229.5,182.29999999999927,1.7000000000007276,184.0,4,0.6896322446189391,Bullish,Strong Bull,165.95000000000073
2026-05-04,5,SUN,2026-05-04 09:31:44.140625+05:30,2026-05-04 10:36:56.494879+05:30,True,0,KRISHNA_TRITIYA,18,KRISHNA,JAYA,MARS,ANURADHA,17,BHARANI,2,4,GEMINI,3,22.97430861530141,19.490260169901116,226.44928101242564,ARIES,1,SCORPIO,8,VIRGO,SCORPIO,PISCES,12,False,5,False,False,,24229.2,24290.2,24142.8,24213.5,61.0,86.40000000000146,147.40000000000146,13,-0.0647978472256646,Bearish,Neutral,15.700000000000728
2026-05-04,6,VENUS,2026-05-04 10:36:56.494879+05:30,2026-05-04 11:42:08.849133+05:30,True,0,KRISHNA_TRITIYA,18,KRISHNA,JAYA,MARS,JYESHTHA,18,BHARANI,2,1,CANCER,4,7.294749260840064,19.534144980687245,226.98817613592317,ARIES,1,SCORPIO,8,VIRGO,SAGITTARIUS,PISCES,12,False,5,False,False,,24213.65,24242.8,24175.65,24228.45,29.149999999997817,38.0,67.14999999999782,13,0.06112254864507941,Bullish,Neutral,14.799999999999272
2026-05-04,7,MERCURY,2026-05-04 11:42:08.849133+05:30,2026-05-04 12:47:21.203387+05:30,True,0,KRISHNA_TRITIYA,18,KRISHNA,JAYA,MARS,JYESHTHA,18,BHARANI,2,1,CANCER,4,21.66330910319931,19.578028885942036,227.52695031835054,ARIES,1,SCORPIO,8,VIRGO,SAGITTARIUS,PISCES,12,False,5,False,False,,24229.0,24249.15,24083.6,24092.85,20.150000000001455,145.40000000000146,165.5500000000029,13,-0.561929918692482,Bearish,Strong Bear,136.15000000000146
2026-05-04,8,MOON,2026-05-04 12:47:21.203387+05:30,2026-05-04 13:52:33.557641+05:30,True,0,KRISHNA_TRITIYA,18,KRISHNA,JAYA,MARS,JYESHTHA,18,BHARANI,2,1,LEO,5,6.262838959134868,19.621911887314702,228.06560665932417,ARIES,1,SCORPIO,8,VIRGO,SAGITTARIUS,PISCES,12,False,5,False,False,,24094.05,24121.35,24004.75,24086.0,27.299999999999272,89.29999999999927,116.59999999999854,13,-0.03341073833581018,Bearish,Neutral,8.049999999999272
2026-05-04,9,SATURN,2026-05-04 13:52:33.557641+05:30,2026-05-04 14:57:45.911895+05:30,True,0,KRISHNA_TRITIYA,18,KRISHNA,JAYA,MARS,JYESHTHA,18,BHARANI,2,1,LEO,5,21.13020871621518,19.665793986525276,228.60414830480036,ARIES,1,SCORPIO,8,VIRGO,SAGITTARIUS,PISCES,12,False,5,False,False,,24086.45,24149.7,24050.4,24089.25,63.25,36.04999999999927,99.29999999999927,13,0.011624793192850221,Bullish,Neutral,2.7999999999992724
2026-05-04,10,JUPITER,2026-05-04 14:57:45.911895+05:30,2026-05-04 16:02:58.266149+05:30,True,0,KRISHNA_TRITIYA,18,KRISHNA,JAYA,MARS,JYESHTHA,18,BHARANI,2,1,VIRGO,6,6.169570244356265,19.709675185365267,229.14257845309126,ARIES,1,SCORPIO,8,VIRGO,SAGITTARIUS,PISCES,12,False,5,False,False,,24091.0,24135.45,24074.95,24123.8,44.45000000000073,16.049999999999272,60.5,6,0.13615042962101728,Bullish,Neutral,32.79999999999927
2026-05-05,4,MERCURY,2026-05-05 08:26:10.340048+05:30,2026-05-05 09:31:28.055284+05:30,True,1,KRISHNA_CHATURTHI,19,KRISHNA,RIKTA,SATURN,JYESHTHA,18,BHARANI,2,4,GEMINI,3,9.195660866057963,20.41509263847658,237.78720106262327,ARIES,1,SCORPIO,8,LIBRA,PISCES,PISCES,12,False,5,False,False,,24052.6,24072.1,23949.4,24042.75,19.5,103.19999999999709,122.69999999999709,4,-0.04095191372241897,Bearish,Neutral,9.849999999998545
2026-05-05,5,MOON,2026-05-05 09:31:28.055284+05:30,2026-05-05 10:36:45.770520+05:30,True,1,KRISHNA_CHATURTHI,19,KRISHNA,RIKTA,SATURN,JYESHTHA,18,BHARANI,2,4,GEMINI,3,23.78252747973589,20.459018803851787,238.32500341238543,ARIES,1,SCORPIO,8,LIBRA,PISCES,PISCES,12,False,5,False,False,,24042.05,24060.55,23922.9,23941.35,18.5,119.14999999999782,137.64999999999782,13,-0.4188494741505019,Bearish,Bear,100.70000000000073
2026-05-05,6,SATURN,2026-05-05 10:36:45.770520+05:30,2026-05-05 11:42:03.485756+05:30,True,1,KRISHNA_CHATURTHI,19,KRISHNA,RIKTA,SATURN,JYESHTHA,18,BHARANI,2,4,CANCER,4,8.118004823293546,20.502944094111868,238.86276033744073,ARIES,1,SCORPIO,8,LIBRA,PISCES,PISCES,12,False,5,False,False,,23941.2,23966.75,23913.55,23916.05,25.549999999999272,27.650000000001455,53.20000000000073,13,-0.1050490368068495,Bearish,Neutral,25.150000000001455
2026-05-05,7,JUPITER,2026-05-05 11:42:03.485756+05:30,2026-05-05 12:47:21.200992+05:30,True,1,KRISHNA_CHATURTHI,19,KRISHNA,RIKTA,SATURN,JYESHTHA,18,BHARANI,2,4,CANCER,4,22.516120123725656,20.546868510912084,239.40047600464496,ARIES,1,SCORPIO,8,LIBRA,PISCES,PISCES,12,False,5,False,False,,23915.4,23983.7,23882.05,23978.1,68.29999999999927,33.35000000000218,101.65000000000146,13,0.26217416392783344,Bullish,Bull,62.69999999999709
2026-05-05,8,MARS,2026-05-05 12:47:21.200992+05:30,2026-05-05 13:52:38.916228+05:30,True,1,KRISHNA_CHATURTHI,19,KRISHNA,RIKTA,SATURN,JYESHTHA,18,BHARANI,2,4,LEO,5,7.1520573134910705,20.590792055358328,239.93815463374125,ARIES,1,SCORPIO,8,LIBRA,PISCES,PISCES,12,False,5,False,False,,23977.6,24081.7,23977.6,24030.25,104.10000000000218,0.0,104.10000000000218,13,0.21957994127853273,Bullish,Bull,52.650000000001455
2026-05-05,9,SUN,2026-05-05 13:52:38.916228+05:30,2026-05-05 14:57:56.631464+05:30,True,1,KRISHNA_CHATURTHI,19,KRISHNA,RIKTA,SATURN,MULA,19,BHARANI,2,1,LEO,5,22.054200409463363,20.63471472932579,240.4758004978256,ARIES,1,SAGITTARIUS,9,LIBRA,ARIES,PISCES,12,False,4,True,False,,24030.55,24061.0,23999.6,24010.8,30.450000000000728,30.950000000000728,61.400000000001455,13,-0.08218704940169909,Bearish,Neutral,19.75
2026-05-05,10,VENUS,2026-05-05 14:57:56.631464+05:30,2026-05-05 16:03:14.346700+05:30,True,1,KRISHNA_CHATURTHI,19,KRISHNA,RIKTA,SATURN,MULA,19,BHARANI,2,1,VIRGO,6,7.119450639369802,20.678636534184605,241.01341792318493,ARIES,1,SAGITTARIUS,9,LIBRA,ARIES,PISCES,12,False,4,True,False,,24011.9,24059.7,23997.85,24052.15,47.79999999999927,14.05000000000291,61.85000000000218,6,0.1676252191621654,Bullish,Neutral,40.25
2026-05-06,4,JUPITER,2026-05-06 08:25:49.644681+05:30,2026-05-06 09:31:12.655316+05:30,True,2,KRISHNA_PANCHAMI,20,KRISHNA,POORNA,JUPITER,MULA,19,BHARANI,2,3,GEMINI,3,10.010309911352678,21.383392993158388,249.64119170967584,ARIES,1,SAGITTARIUS,9,LIBRA,GEMINI,PISCES,12,False,4,True,False,,24171.0,24250.85,24156.95,24162.75,79.84999999999854,14.049999999999272,93.89999999999782,4,-0.03413181084771006,Bearish,Neutral,8.25
2026-05-06,5,MARS,2026-05-06 09:31:12.655316+05:30,2026-05-06 10:36:35.665951+05:30,True,2,KRISHNA_PANCHAMI,20,KRISHNA,POORNA,JUPITER,MULA,19,BHARANI,2,4,GEMINI,3,24.592505002643364,21.427359550490262,250.17976950375044,ARIES,1,SAGITTARIUS,9,LIBRA,CANCER,PISCES,12,False,4,True,False,,24163.75,24167.05,24096.5,24124.45,3.2999999999992724,67.25,70.54999999999927,13,-0.1626403186591455,Bearish,Neutral,39.29999999999927
2026-05-06,6,SUN,2026-05-06 10:36:35.665951+05:30,2026-05-06 11:41:58.676586+05:30,True,2,KRISHNA_PANCHAMI,20,KRISHNA,POORNA,JUPITER,MULA,19,BHARANI,2,4,CANCER,4,8.943772947938584,21.471325262221825,250.71840637379495,ARIES,1,SAGITTARIUS,9,LIBRA,CANCER,PISCES,12,False,4,True,False,,24123.7,24150.15,24069.45,24096.8,26.450000000000728,54.25,80.70000000000073,13,-0.11150859942712542,Bearish,Neutral,26.900000000001455
2026-05-06,7,VENUS,2026-05-06 11:41:58.676586+05:30,2026-05-06 12:47:21.687221+05:30,True,2,KRISHNA_PANCHAMI,20,KRISHNA,POORNA,JUPITER,MULA,19,BHARANI,2,4,CANCER,4,23.371851007836952,21.515290129232334,251.25710769018514,ARIES,1,SAGITTARIUS,9,LIBRA,CANCER,PISCES,12,False,4,True,False,,24097.1,24114.15,24005.95,24018.3,17.05000000000291,91.14999999999782,108.20000000000073,13,-0.3270103041444791,Bearish,Bear,78.79999999999927
2026-05-06,8,MERCURY,2026-05-06 12:47:21.687221+05:30,2026-05-06 13:52:44.697856+05:30,True,2,KRISHNA_PANCHAMI,20,KRISHNA,POORNA,JUPITER,MULA,19,BHARANI,2,4,LEO,5,8.04412720970177,21.559254154290816,251.79587889924676,ARIES,1,SAGITTARIUS,9,LIBRA,CANCER,PISCES,12,False,4,True,False,,24017.55,24115.95,23997.9,24111.25,98.40000000000146,19.649999999997817,118.04999999999927,13,0.3901313830927831,Bullish,Bull,93.70000000000073
2026-05-06,9,MOON,2026-05-06 13:52:44.697856+05:30,2026-05-06 14:58:07.708491+05:30,True,2,KRISHNA_PANCHAMI,20,KRISHNA,POORNA,JUPITER,MULA,19,BHARANI,2,4,LEO,5,22.980457958180722,21.603217337358554,252.33472546795466,ARIES,1,SAGITTARIUS,9,LIBRA,CANCER,PISCES,12,False,4,True,False,,24112.05,24356.5,24096.4,24348.25,244.45000000000073,15.649999999997817,260.09999999999854,13,0.9795931909563922,Bullish,Strong Bull,236.20000000000073
2026-05-06,10,SATURN,2026-05-06 14:58:07.708491+05:30,2026-05-06 16:03:30.719126+05:30,True,2,KRISHNA_PANCHAMI,20,KRISHNA,POORNA,JUPITER,MULA,19,BHARANI,2,4,VIRGO,6,8.070636792904878,21.647179679856205,252.87365293353434,ARIES,1,SAGITTARIUS,9,LIBRA,CANCER,PISCES,12,False,4,True,False,,24349.0,24353.8,24313.85,24339.3,4.799999999999272,35.150000000001455,39.95000000000073,6,-0.039837364984191256,Bearish,Neutral,9.700000000000728
2026-05-07,4,VENUS,2026-05-07 08:25:29.710618+05:30,2026-05-07 09:30:57.948954+05:30,True,3,KRISHNA_PANCHAMI,20,KRISHNA,POORNA,JUPITER,PURVA_ASHADHA,20,BHARANI,2,3,GEMINI,3,10.825862423459,22.351291111095712,261.52240219828184,ARIES,1,SAGITTARIUS,9,LIBRA,LIBRA,PISCES,12,False,4,True,False,,24398.5,24423.35,24300.7,24356.7,24.849999999998545,97.79999999999927,122.64999999999782,4,-0.17132200750045812,Bearish,Neutral,41.79999999999927
2026-05-07,5,MERCURY,2026-05-07 09:30:57.948954+05:30,2026-05-07 10:36:26.187290+05:30,True,3,KRISHNA_PANCHAMI,20,KRISHNA,POORNA,JUPITER,PURVA_ASHADHA,20,BHARANI,2,3,GEMINI,3,25.404332239803352,22.395297920571217,262.06432798502516,ARIES,1,SAGITTARIUS,9,LIBRA,LIBRA,PISCES,12,False,4,True,False,,24356.15,24402.15,24310.0,24364.6,46.0,46.150000000001455,92.15000000000146,13,0.034693496303796326,Bullish,Neutral,8.44999999999709
2026-05-07,6,MOON,2026-05-07 10:36:26.187290+05:30,2026-05-07 11:41:54.425626+05:30,True,3,KRISHNA_SHASHTHI,21,KRISHNA,NANDA,VENUS,PURVA_ASHADHA,20,BHARANI,2,3,CANCER,4,9.772126034282763,22.439303911921268,262.60644390627965,ARIES,1,SAGITTARIUS,9,LIBRA,LIBRA,PISCES,12,False,4,True,False,,24364.75,24379.05,24288.1,24288.5,14.299999999999272,76.65000000000146,90.95000000000073,13,-0.31295211319631844,Bearish,Bear,76.25
2026-05-07,7,SATURN,2026-05-07 11:41:54.425626+05:30,2026-05-07 12:47:22.663962+05:30,True,3,KRISHNA_SHASHTHI,21,KRISHNA,NANDA,VENUS,PURVA_ASHADHA,20,BHARANI,2,3,CANCER,4,24.230543978394252,22.4833090850876,263.14875648051844,ARIES,1,SAGITTARIUS,9,LIBRA,LIBRA,PISCES,12,False,4,True,False,,24287.8,24482.1,24284.0,24442.8,194.29999999999927,3.7999999999992724,198.09999999999854,13,0.6381804856759361,Bullish,Strong Bull,155.0
2026-05-07,8,JUPITER,2026-05-07 12:47:22.663962+05:30,2026-05-07 13:52:50.902298+05:30,True,3,KRISHNA_SHASHTHI,21,KRISHNA,NANDA,VENUS,PURVA_ASHADHA,20,BHARANI,2,4,LEO,5,8.939051527793765,22.52731344170253,263.69127229626,ARIES,1,SAGITTARIUS,9,LIBRA,SCORPIO,PISCES,12,False,4,True,False,,24442.1,24446.15,24324.55,24364.7,4.05000000000291,117.54999999999927,121.60000000000218,13,-0.3166667348550158,Bearish,Bear,77.39999999999782
2026-05-07,9,MARS,2026-05-07 13:52:50.902298+05:30,2026-05-07 14:58:19.140634+05:30,True,3,KRISHNA_SHASHTHI,21,KRISHNA,NANDA,VENUS,PURVA_ASHADHA,20,BHARANI,2,4,LEO,5,23.908946294874795,22.571316983062808,264.2339979834658,ARIES,1,SAGITTARIUS,9,LIBRA,SCORPIO,PISCES,12,False,4,True,False,,24364.9,24385.3,24323.05,24352.65,20.399999999997817,41.85000000000218,62.25,13,-0.05027724308328785,Bearish,Neutral,12.25
2026-05-07,10,SUN,2026-05-07 14:58:19.140634+05:30,2026-05-07 16:03:47.378970+05:30,True,3,KRISHNA_SHASHTHI,21,KRISHNA,NANDA,VENUS,PURVA_ASHADHA,20,BHARANI,2,4,VIRGO,6,9.023070102731282,22.61531971090135,264.77694022442364,ARIES,1,SAGITTARIUS,9,LIBRA,SCORPIO,PISCES,12,False,4,True,False,,24353.1,24363.1,24293.4,24336.4,10.0,59.69999999999709,69.69999999999709,6,-0.06857443200248466,Bearish,Neutral,16.69999999999709
2026-05-08,4,SATURN,2026-05-08 08:25:10.547577+05:30,2026-05-08 09:30:43.943775+05:30,True,4,KRISHNA_SHASHTHI,21,KRISHNA,NANDA,VENUS,UTTARA_ASHADHA,21,BHARANI,2,3,GEMINI,3,11.642416094548281,23.31880111721876,273.4934548863069,ARIES,1,CAPRICORN,10,LIBRA,AQUARIUS,PISCES,12,False,3,False,False,,24233.65,24253.8,24158.15,24207.15,20.149999999997817,75.5,95.64999999999782,4,-0.10935207861795479,Bearish,Neutral,26.5
2026-05-08,5,JUPITER,2026-05-08 09:30:43.943775+05:30,2026-05-08 10:36:17.339973+05:30,True,4,KRISHNA_SHASHTHI,21,KRISHNA,NANDA,VENUS,UTTARA_ASHADHA,21,BHARANI,2,3,GEMINI,3,26.218097956838307,23.362847951375546,274.041858201399,ARIES,1,CAPRICORN,10,SCORPIO,AQUARIUS,PISCES,12,False,3,False,False,,24209.1,24243.95,24138.4,24230.75,34.85000000000218,70.69999999999709,105.54999999999927,13,0.08942918158874744,Bullish,Neutral,21.650000000001455
2026-05-08,6,MARS,2026-05-08 10:36:17.339973+05:30,2026-05-08 11:41:50.736171+05:30,True,4,KRISHNA_SHASHTHI,21,KRISHNA,NANDA,VENUS,UTTARA_ASHADHA,21,BHARANI,2,3,CANCER,4,10.603132615597275,23.406893989388458,274.59060636509275,ARIES,1,CAPRICORN,10,SCORPIO,AQUARIUS,PISCES,12,False,3,False,False,,24232.05,24241.65,24185.6,24199.45,9.600000000002183,46.45000000000073,56.05000000000291,13,-0.13453257153232412,Bearish,Neutral,32.599999999998545
2026-05-08,7,SUN,2026-05-08 11:41:50.736171+05:30,2026-05-08 12:47:24.132369+05:30,True,4,KRISHNA_SHASHTHI,21,KRISHNA,NANDA,VENUS,UTTARA_ASHADHA,21,BHARANI,2,3,CANCER,4,25.092236681457223,23.45093923316591,275.1397068536715,ARIES,1,CAPRICORN,10,SCORPIO,AQUARIUS,PISCES,12,False,3,False,False,,24200.6,24212.0,24150.95,24170.45,11.400000000001455,49.64999999999782,61.04999999999927,13,-0.12458368800772635,Bearish,Neutral,30.149999999997817
2026-05-08,8,VENUS,2026-05-08 12:47:24.132369+05:30,2026-05-08 13:52:57.528567+05:30,True,4,KRISHNA_SAPTAMI,22,KRISHNA,BHADRA,MERCURY,UTTARA_ASHADHA,21,BHARANI,2,3,LEO,5,9.836828708062,23.494983684125774,275.68916717621494,ARIES,1,CAPRICORN,10,SCORPIO,AQUARIUS,PISCES,12,False,3,False,False,,24171.3,24202.65,24150.75,24174.7,31.350000000002183,20.549999999999272,51.900000000001455,13,0.01406626867401197,Bullish,Neutral,3.400000000001455
2026-05-08,9,MERCURY,2026-05-08 13:52:57.528567+05:30,2026-05-08 14:58:30.924765+05:30,True,4,KRISHNA_SAPTAMI,22,KRISHNA,BHADRA,MERCURY,UTTARA_ASHADHA,21,BHARANI,2,3,LEO,5,24.839625812253303,23.539027342382635,276.2389948565405,ARIES,1,CAPRICORN,10,SCORPIO,AQUARIUS,PISCES,12,False,3,False,False,,24174.95,24240.25,24126.65,24213.65,65.29999999999927,48.29999999999927,113.59999999999854,13,0.16008306118523813,Bullish,Neutral,38.70000000000073
2026-05-08,10,MOON,2026-05-08 14:58:30.924765+05:30,2026-05-08 16:04:04.320963+05:30,True,4,KRISHNA_SAPTAMI,22,KRISHNA,BHADRA,MERCURY,UTTARA_ASHADHA,21,BHARANI,2,4,VIRGO,6,9.976688468620125,23.583070209969044,276.78919747195766,ARIES,1,CAPRICORN,10,SCORPIO,PISCES,PISCES,12,False,3,False,False,,24215.1,24215.1,24163.5,24179.8,0.0,51.599999999998545,51.599999999998545,6,-0.14577680868548662,Bearish,Neutral,35.29999999999927
2026-05-11,4,MARS,2026-05-11 08:24:17.771892+05:30,2026-05-11 09:30:06.200885+05:30,True,0,KRISHNA_NAVAMI,24,KRISHNA,RIKTA,SATURN,SHATABHISHA,24,BHARANI,2,2,GEMINI,3,14.099023092686366,26.219118673606943,310.7147074663659,ARIES,1,AQUARIUS,11,SCORPIO,CAPRICORN,PISCES,12,False,2,False,True,Setting,23970.1,23986.8,23895.55,23930.7,16.700000000000728,74.54999999999927,91.25,4,-0.16437144609324877,Bearish,Neutral,39.39999999999782
2026-05-11,5,SUN,2026-05-11 09:30:06.200885+05:30,2026-05-11 10:35:54.629878+05:30,True,0,KRISHNA_NAVAMI,24,KRISHNA,RIKTA,SATURN,SHATABHISHA,24,BHARANI,2,2,GEMINI,3,28.671865462363854,26.26328317171476,311.3046757371154,ARIES,1,AQUARIUS,11,SCORPIO,CAPRICORN,PISCES,12,False,2,False,True,Setting,23930.6,23931.3,23845.3,23863.15,0.7000000000007276,85.29999999999927,86.0,13,-0.2818567022974647,Bearish,Bear,67.44999999999709
2026-05-11,6,VENUS,2026-05-11 10:35:54.629878+05:30,2026-05-11 11:41:43.058871+05:30,True,0,KRISHNA_NAVAMI,24,KRISHNA,RIKTA,SATURN,SHATABHISHA,24,BHARANI,2,2,CANCER,4,13.112705317804583,26.307446920156888,311.89549917217454,ARIES,1,AQUARIUS,11,SCORPIO,CAPRICORN,PISCES,12,False,2,False,True,Setting,23862.65,23952.7,23850.85,23949.4,90.04999999999927,11.80000000000291,101.85000000000218,13,0.3635388357956891,Bullish,Bull,86.75
2026-05-11,7,MERCURY,2026-05-11 11:41:43.058871+05:30,2026-05-11 12:47:31.487864+05:30,True,0,KRISHNA_NAVAMI,24,KRISHNA,RIKTA,SATURN,SHATABHISHA,24,BHARANI,2,2,CANCER,4,27.69562411950588,26.351609920087906,312.4871844491654,ARIES,1,AQUARIUS,11,SCORPIO,CAPRICORN,PISCES,12,False,2,False,True,Setting,23949.55,23956.9,23902.45,23940.9,7.350000000002183,47.099999999998545,54.45000000000073,13,-0.036117588848215594,Bearish,Neutral,8.649999999997817
2026-05-11,8,MOON,2026-05-11 12:47:31.487864+05:30,2026-05-11 13:53:19.916857+05:30,True,0,KRISHNA_NAVAMI,24,KRISHNA,RIKTA,SATURN,SHATABHISHA,24,BHARANI,2,2,LEO,5,12.547187159077282,26.395772171451302,313.07973814606066,ARIES,1,AQUARIUS,11,SCORPIO,CAPRICORN,PISCES,12,False,2,False,True,Setting,23940.95,23997.45,23905.05,23993.95,56.5,35.900000000001455,92.40000000000146,13,0.22137801549228414,Bullish,Bull,53.0
2026-05-11,9,SATURN,2026-05-11 13:53:19.916857+05:30,2026-05-11 14:59:08.345850+05:30,True,0,KRISHNA_NAVAMI,24,KRISHNA,RIKTA,SATURN,SHATABHISHA,24,BHARANI,2,3,LEO,5,27.644344777557365,26.43993367426748,313.6731667563572,ARIES,1,AQUARIUS,11,SCORPIO,AQUARIUS,PISCES,12,False,2,False,True,Setting,23994.3,23997.0,23875.9,23875.9,2.7000000000007276,118.39999999999782,121.09999999999854,13,-0.4934505278336847,Bearish,Bear,118.39999999999782
2026-05-11,10,JUPITER,2026-05-11 14:59:08.345850+05:30,2026-05-11 16:04:56.774843+05:30,True,0,KRISHNA_NAVAMI,24,KRISHNA,RIKTA,SATURN,SHATABHISHA,24,BHARANI,2,3,VIRGO,6,12.843986454267053,26.484094429426225,314.26747670467665,ARIES,1,AQUARIUS,11,SCORPIO,AQUARIUS,PISCES,12,False,2,False,True,Setting,23878.55,23879.7,23799.1,23820.35,1.1500000000014552,79.45000000000073,80.60000000000218,6,-0.24373339252174328,Bearish,Bear,58.20000000000073
2026-05-12,4,MERCURY,2026-05-12 08:24:01.776810+05:30,2026-05-12 09:29:55.062444+05:30,True,1,KRISHNA_DASHAMI,25,KRISHNA,POORNA,JUPITER,PURVA_BHADRAPADA,25,KRITTIKA,3,2,GEMINI,3,14.920507649475383,27.185181988910568,323.8268151376184,ARIES,1,AQUARIUS,11,SAGITTARIUS,TAURUS,PISCES,12,False,2,False,True,Setting,23722.6,23757.55,23633.1,23638.3,34.95000000000073,89.5,124.45000000000073,3,-0.35535733857165436,Bearish,Bear,84.29999999999927
2026-05-12,5,MOON,2026-05-12 09:29:55.062444+05:30,2026-05-12 10:35:48.348078+05:30,True,1,KRISHNA_DASHAMI,25,KRISHNA,POORNA,JUPITER,PURVA_BHADRAPADA,25,KRITTIKA,3,2,GEMINI,3,29.494209495849844,27.229384461601484,324.4376223215016,ARIES,1,AQUARIUS,11,SAGITTARIUS,TAURUS,PISCES,12,False,2,False,True,Setting,23638.95,23675.2,23596.35,23605.3,36.25,42.60000000000218,78.85000000000218,14,-0.14234980826137142,Bearish,Neutral,33.650000000001455
2026-05-12,6,SATURN,2026-05-12 10:35:48.348078+05:30,2026-05-12 11:41:41.633712+05:30,True,1,KRISHNA_DASHAMI,25,KRISHNA,POORNA,JUPITER,PURVA_BHADRAPADA,25,KRITTIKA,3,2,CANCER,4,13.95493851030767,27.273586188023646,325.04940991273435,ARIES,1,AQUARIUS,11,SAGITTARIUS,TAURUS,PISCES,12,False,2,False,True,Setting,23606.6,23638.65,23577.85,23602.7,32.05000000000291,28.75,60.80000000000291,13,-0.016520803504095537,Bearish,Neutral,3.899999999997817
2026-05-12,7,JUPITER,2026-05-12 11:41:41.633712+05:30,2026-05-12 12:47:34.919346+05:30,True,1,KRISHNA_DASHAMI,25,KRISHNA,POORNA,JUPITER,PURVA_BHADRAPADA,25,KRITTIKA,3,2,CANCER,4,28.569602926470594,27.31778716871274,325.6621821416864,ARIES,1,AQUARIUS,11,SAGITTARIUS,TAURUS,PISCES,12,False,2,False,True,Setting,23603.95,23612.85,23508.35,23526.85,8.899999999997817,95.60000000000218,104.5,13,-0.32664024453535184,Bearish,Bear,77.10000000000218
2026-05-12,8,MARS,2026-05-12 12:47:34.919346+05:30,2026-05-12 13:53:28.204980+05:30,True,1,KRISHNA_DASHAMI,25,KRISHNA,POORNA,JUPITER,PURVA_BHADRAPADA,25,KRITTIKA,3,2,LEO,5,13.456259266235492,27.361987402181178,326.2759430645867,ARIES,1,AQUARIUS,11,SAGITTARIUS,TAURUS,PISCES,12,False,2,False,True,Setting,23527.3,23564.05,23493.45,23495.85,36.75,33.849999999998545,70.59999999999854,13,-0.13367449728613454,Bearish,Neutral,31.450000000000728
2026-05-12,9,SUN,2026-05-12 13:53:28.204980+05:30,2026-05-12 14:59:21.490614+05:30,True,1,KRISHNA_DASHAMI,25,KRISHNA,POORNA,JUPITER,PURVA_BHADRAPADA,25,KRITTIKA,3,3,LEO,5,28.583298858328533,27.406186890120964,326.8906966231812,ARIES,1,AQUARIUS,11,SAGITTARIUS,GEMINI,PISCES,12,False,2,False,True,Setting,23500.05,23502.45,23413.5,23421.25,2.400000000001455,86.54999999999927,88.95000000000073,13,-0.33531843549268736,Bearish,Bear,78.79999999999927
2026-05-12,10,VENUS,2026-05-12 14:59:21.490614+05:30,2026-05-12 16:05:14.776248+05:30,True,1,KRISHNA_EKADASHI,26,KRISHNA,NANDA,VENUS,PURVA_BHADRAPADA,25,KRITTIKA,3,3,VIRGO,6,13.801660926027495,27.45038563214553,327.5064465848482,ARIES,1,AQUARIUS,11,SAGITTARIUS,GEMINI,PISCES,12,False,2,False,True,Setting,23422.5,23434.85,23348.4,23430.55,12.349999999998545,74.09999999999854,86.44999999999709,6,0.03436866261073443,Bullish,Neutral,8.049999999999272
2026-05-13,4,JUPITER,2026-05-13 08:23:46.591186+05:30,2026-05-13 09:29:44.652589+05:30,True,2,KRISHNA_EKADASHI,26,KRISHNA,NANDA,VENUS,UTTARA_BHADRAPADA,26,KRITTIKA,3,2,GEMINI,3,15.743443613766857,28.150897670966557,337.40238369838954,ARIES,1,PISCES,12,SAGITTARIUS,VIRGO,PISCES,12,False,1,True,True,Peak,23362.45,23503.8,23362.45,23367.05,141.34999999999854,0.0,141.34999999999854,3,0.019689715761825256,Bullish,Neutral,4.599999999998545
2026-05-13,5,MARS,2026-05-13 09:29:44.652589+05:30,2026-05-13 10:35:42.713992+05:30,True,2,KRISHNA_EKADASHI,26,KRISHNA,NANDA,VENUS,UTTARA_BHADRAPADA,26,KRITTIKA,3,2,CANCER,4,0.31888813199356036,28.195137192256233,338.0360936578345,ARIES,1,PISCES,12,SAGITTARIUS,VIRGO,PISCES,12,False,1,True,True,Peak,23367.7,23478.6,23262.55,23429.1,110.89999999999782,105.15000000000146,216.04999999999927,14,0.26275585530453494,Bullish,Bull,61.39999999999782
2026-05-13,6,SUN,2026-05-13 10:35:42.713992+05:30,2026-05-13 11:41:40.775395+05:30,True,2,KRISHNA_EKADASHI,26,KRISHNA,NANDA,VENUS,UTTARA_BHADRAPADA,26,KRITTIKA,3,2,CANCER,4,14.800111472936834,28.239375961549182,338.67083990147313,ARIES,1,PISCES,12,SAGITTARIUS,VIRGO,PISCES,12,False,1,True,True,Peak,23429.85,23498.85,23368.05,23498.6,69.0,61.79999999999927,130.79999999999927,13,0.29342910859437854,Bullish,Bull,68.75
2026-05-13,7,VENUS,2026-05-13 11:41:40.775395+05:30,2026-05-13 12:47:38.836798+05:30,True,2,KRISHNA_EKADASHI,26,KRISHNA,NANDA,VENUS,UTTARA_BHADRAPADA,26,KRITTIKA,3,2,CANCER,4,29.446700531178294,28.283613978902064,339.3066226533056,ARIES,1,PISCES,12,SAGITTARIUS,VIRGO,PISCES,12,False,1,True,True,Peak,23499.0,23518.7,23423.3,23468.45,19.700000000000728,75.70000000000073,95.40000000000146,13,-0.13000553215030117,Bearish,Neutral,30.549999999999272
2026-05-13,8,MERCURY,2026-05-13 12:47:38.836798+05:30,2026-05-13 13:53:36.898201+05:30,True,2,KRISHNA_EKADASHI,26,KRISHNA,NANDA,VENUS,UTTARA_BHADRAPADA,26,KRITTIKA,3,2,LEO,5,14.368099459493749,28.32785124351439,339.9434419030653,ARIES,1,PISCES,12,SAGITTARIUS,VIRGO,PISCES,12,False,1,True,True,Peak,23468.2,23582.95,23467.65,23508.0,114.75,0.5499999999992724,115.29999999999927,13,0.16959119148464422,Bullish,Neutral,39.79999999999927
2026-05-13,9,MOON,2026-05-13 13:53:36.898201+05:30,2026-05-13 14:59:34.959604+05:30,True,2,KRISHNA_DVADASHI,27,KRISHNA,BHADRA,MERCURY,UTTARA_BHADRAPADA,26,KRITTIKA,3,3,LEO,5,29.524175402180816,28.372087753698448,340.5812974099293,ARIES,1,PISCES,12,SAGITTARIUS,LIBRA,PISCES,12,False,1,True,True,Peak,23508.0,23525.0,23446.65,23479.2,17.0,61.349999999998545,78.34999999999854,13,-0.122511485451758,Bearish,Neutral,28.799999999999272
2026-05-13,10,SATURN,2026-05-13 14:59:34.959604+05:30,2026-05-13 16:05:33.021007+05:30,True,2,KRISHNA_DVADASHI,27,KRISHNA,BHADRA,MERCURY,UTTARA_BHADRAPADA,26,KRITTIKA,3,3,VIRGO,6,14.760161755435547,28.416323511117184,341.2201887447933,ARIES,1,PISCES,12,SAGITTARIUS,LIBRA,PISCES,12,False,1,True,True,Peak,23476.75,23478.7,23394.35,23428.7,1.9500000000007276,82.40000000000146,84.35000000000218,6,-0.20467057833813995,Bearish,Bear,48.04999999999927
2026-05-14,4,VENUS,2026-05-14 08:23:32.220557+05:30,2026-05-14 09:29:34.974602+05:30,True,3,KRISHNA_DVADASHI,27,KRISHNA,BHADRA,MERCURY,REVATI,27,KRITTIKA,3,2,GEMINI,3,16.567913089575868,29.11626405441137,351.4674498379885,ARIES,1,PISCES,12,SAGITTARIUS,CAPRICORN,PISCES,12,False,1,True,True,Peak,23530.25,23589.2,23515.6,23581.3,58.95000000000073,14.650000000001455,73.60000000000218,3,0.21695477098628052,Bullish,Bull,51.04999999999927
2026-05-14,5,MERCURY,2026-05-14 09:29:34.974602+05:30,2026-05-14 10:35:37.728647+05:30,True,3,KRISHNA_DVADASHI,27,KRISHNA,BHADRA,MERCURY,REVATI,27,KRITTIKA,3,2,CANCER,4,1.1459712413783762,29.160539467197314,352.12425296000436,ARIES,1,PISCES,12,SAGITTARIUS,CAPRICORN,PISCES,12,False,1,True,True,Peak,23581.35,23586.2,23446.7,23529.4,4.850000000002183,134.64999999999782,139.5,14,-0.22030121261080088,Bearish,Bear,51.94999999999709
2026-05-14,6,MOON,2026-05-14 10:35:37.728647+05:30,2026-05-14 11:41:40.482692+05:30,True,3,KRISHNA_DVADASHI,27,KRISHNA,BHADRA,MERCURY,REVATI,27,KRITTIKA,3,2,CANCER,4,15.648269167131929,29.204814112011395,352.7820451411399,ARIES,1,PISCES,12,SAGITTARIUS,CAPRICORN,PISCES,12,False,1,True,True,Peak,23530.55,23669.45,23426.55,23669.45,138.90000000000146,104.0,242.90000000000146,13,0.5902964444095079,Bullish,Strong Bull,138.90000000000146
2026-05-14,7,SATURN,2026-05-14 11:41:40.482692+05:30,2026-05-14 12:47:43.236737+05:30,True,3,KRISHNA_TRAYODASHI,28,KRISHNA,JAYA,MARS,REVATI,27,KRITTIKA,3,3,LEO,5,0.3269260261513409,29.249087987899223,353.44082116823563,ARIES,1,PISCES,12,SAGITTARIUS,AQUARIUS,PISCES,12,False,1,True,True,Peak,23670.7,23713.0,23636.45,23710.55,42.29999999999927,34.25,76.54999999999927,13,0.1683515907852262,Bullish,Neutral,39.849999999998545
2026-05-14,8,JUPITER,2026-05-14 12:47:43.236737+05:30,2026-05-14 13:53:45.990782+05:30,True,3,KRISHNA_TRAYODASHI,28,KRISHNA,JAYA,MARS,REVATI,27,KRITTIKA,3,3,LEO,5,15.282674609415295,29.293361094755088,354.1005755774347,ARIES,1,PISCES,12,SAGITTARIUS,AQUARIUS,PISCES,12,False,1,True,True,Peak,23711.75,23763.65,23675.8,23747.85,51.900000000001455,35.95000000000073,87.85000000000218,13,0.15224519489282126,Bullish,Neutral,36.099999999998545
2026-05-14,9,MARS,2026-05-14 13:53:45.990782+05:30,2026-05-14 14:59:48.744827+05:30,True,3,KRISHNA_TRAYODASHI,28,KRISHNA,JAYA,MARS,REVATI,27,KRITTIKA,3,3,VIRGO,6,0.4669065835149411,29.337633431136272,354.76130261317246,ARIES,1,PISCES,12,SAGITTARIUS,AQUARIUS,PISCES,12,False,1,True,True,Peak,23749.95,23777.2,23688.25,23710.15,27.25,61.70000000000073,88.95000000000073,13,-0.16757930016694467,Bearish,Neutral,39.79999999999927
2026-05-14,10,SUN,2026-05-14 14:59:48.744827+05:30,2026-05-14 16:05:51.498872+05:30,True,3,KRISHNA_TRAYODASHI,28,KRISHNA,JAYA,MARS,REVATI,27,KRITTIKA,3,3,VIRGO,6,15.719407931636624,29.38190499571326,355.4229962470339,ARIES,1,PISCES,12,SAGITTARIUS,AQUARIUS,PISCES,12,False,1,True,True,Peak,23711.65,23719.55,23668.15,23713.75,7.899999999997817,43.5,51.39999999999782,6,0.008856406028254231,Bullish,Neutral,2.099999999998545
2026-05-15,4,SATURN,2026-05-15 08:23:18.669693+05:30,2026-05-15 09:29:26.030984+05:30,True,4,KRISHNA_TRAYODASHI,28,KRISHNA,JAYA,MARS,ASHWINI,1,KRITTIKA,3,2,GEMINI,3,17.393996449072603,30.081274781590054,6.000014927624418,TAURUS,2,ARIES,1,CAPRICORN,TAURUS,PISCES,11,False,12,False,True,Rising,23731.4,23796.95,23663.35,23787.9,65.54999999999927,68.05000000000291,133.60000000000218,3,0.23808119200721406,Bullish,Bull,56.5
2026-05-15,5,JUPITER,2026-05-15 09:29:26.030984+05:30,2026-05-15 10:35:33.392275+05:30,True,4,KRISHNA_CHATURDASHI,29,KRISHNA,RIKTA,SATURN,ASHWINI,1,KRITTIKA,3,3,CANCER,4,1.975525047475827,30.125584684860286,6.6775771513394755,TAURUS,2,ARIES,1,CAPRICORN,GEMINI,PISCES,11,False,12,False,True,Rising,23787.3,23837.0,23734.1,23805.75,49.70000000000073,53.20000000000073,102.90000000000146,14,0.07756239674112123,Bullish,Neutral,18.450000000000728
2026-05-15,6,MARS,2026-05-15 10:35:33.392275+05:30,2026-05-15 11:41:40.753566+05:30,True,4,KRISHNA_CHATURDASHI,29,KRISHNA,RIKTA,SATURN,ASHWINI,1,KRITTIKA,3,3,CANCER,4,16.499452333182475,30.169893794444803,7.355954859498648,TAURUS,2,ARIES,1,CAPRICORN,GEMINI,PISCES,11,False,12,False,True,Rising,23806.1,23839.3,23677.65,23721.75,33.20000000000073,128.4499999999971,161.64999999999782,13,-0.35432095135279845,Bearish,Bear,84.34999999999854
2026-05-15,7,SUN,2026-05-15 11:41:40.753566+05:30,2026-05-15 12:47:48.114857+05:30,True,4,KRISHNA_CHATURDASHI,29,KRISHNA,RIKTA,SATURN,ASHWINI,1,KRITTIKA,3,3,LEO,5,1.210283069901081,30.214202109563942,8.035136889908422,TAURUS,2,ARIES,1,CAPRICORN,GEMINI,PISCES,11,False,12,False,True,Rising,23721.55,23786.95,23713.4,23783.6,65.40000000000146,8.149999999997817,73.54999999999927,13,0.26157649900617486,Bullish,Bull,62.04999999999927
2026-05-15,8,VENUS,2026-05-15 12:47:48.114857+05:30,2026-05-15 13:53:55.476148+05:30,True,4,KRISHNA_CHATURDASHI,29,KRISHNA,RIKTA,SATURN,ASHWINI,1,KRITTIKA,3,3,LEO,5,16.199946361610188,30.25850962887002,8.715111812327567,TAURUS,2,ARIES,1,CAPRICORN,GEMINI,PISCES,11,False,12,False,True,Rising,23783.85,23797.5,23699.55,23728.7,13.650000000001455,84.29999999999927,97.95000000000073,13,-0.23188003624307177,Bearish,Bear,55.14999999999782
2026-05-15,9,MERCURY,2026-05-15 13:53:55.476148+05:30,2026-05-15 15:00:02.837439+05:30,True,4,KRISHNA_CHATURDASHI,29,KRISHNA,RIKTA,SATURN,ASHWINI,1,KRITTIKA,3,3,VIRGO,6,1.4114197546107334,30.302816351470632,9.395867944884932,TAURUS,2,ARIES,1,CAPRICORN,GEMINI,PISCES,11,False,12,False,True,Rising,23728.45,23734.75,23610.3,23674.2,6.299999999999272,118.15000000000146,124.45000000000073,14,-0.2286285029152768,Bearish,Bear,54.25
2026-05-15,10,MOON,2026-05-15 15:00:02.837439+05:30,2026-05-15 16:06:10.198730+05:30,True,4,KRISHNA_CHATURDASHI,29,KRISHNA,RIKTA,SATURN,ASHWINI,1,KRITTIKA,3,4,VIRGO,6,16.679315208024832,30.34712227562109,10.077393335712685,TAURUS,2,ARIES,1,CAPRICORN,CANCER,PISCES,11,False,12,False,True,Rising,23675.25,23678.35,23616.5,23659.35,3.099999999998545,58.75,61.849999999998545,5,-0.06715874172395837,Bearish,Neutral,15.900000000001455
2026-05-18,4,MARS,2026-05-18 08:22:42.971751+05:30,2026-05-18 09:29:03.619631+05:30,True,0,SHUKLA_DVITIYA,2,SHUKLA,BHADRA,MERCURY,ROHINI,4,KRITTIKA,3,4,GEMINI,3,19.88271307703873,32.97404752717531,51.3326548162843,TAURUS,2,TAURUS,2,CAPRICORN,CANCER,PISCES,11,False,11,False,False,,23482.2,23494.6,23363.05,23373.1,12.399999999997817,119.15000000000146,131.54999999999927,3,-0.4646072344158647,Bearish,Bear,109.10000000000218
2026-05-18,5,SUN,2026-05-18 09:29:03.619631+05:30,2026-05-18 10:35:24.267511+05:30,True,0,SHUKLA_DVITIYA,2,SHUKLA,BHADRA,MERCURY,ROHINI,4,KRITTIKA,3,4,CANCER,4,4.479642879007983,33.01845066053521,52.033755556513114,TAURUS,2,TAURUS,2,CAPRICORN,CANCER,PISCES,11,False,11,False,False,,23373.15,23439.7,23317.1,23429.0,66.54999999999927,56.05000000000291,122.60000000000218,14,0.23894939278616079,Bullish,Bull,55.849999999998545
2026-05-18,6,VENUS,2026-05-18 10:35:24.267511+05:30,2026-05-18 11:41:44.915391+05:30,True,0,SHUKLA_DVITIYA,2,SHUKLA,BHADRA,MERCURY,ROHINI,4,KRITTIKA,3,4,CANCER,4,19.071513095653856,33.06285289309705,52.73460061788336,TAURUS,2,TAURUS,2,CAPRICORN,CANCER,PISCES,11,False,11,False,False,,23429.0,23562.75,23389.6,23534.25,133.75,39.400000000001455,173.15000000000146,13,0.44922958726364765,Bullish,Bull,105.25
2026-05-18,7,MERCURY,2026-05-18 11:41:44.915391+05:30,2026-05-18 12:48:05.563271+05:30,True,0,SHUKLA_DVITIYA,2,SHUKLA,BHADRA,MERCURY,MRIGASHIRA,5,KRITTIKA,3,1,LEO,5,3.8791187625879218,33.10725422559394,53.43517270646192,TAURUS,2,TAURUS,2,CAPRICORN,LEO,PISCES,11,False,11,False,False,,23534.55,23610.0,23468.35,23578.75,75.45000000000073,66.20000000000073,141.65000000000146,13,0.1878089872124206,Bullish,Neutral,44.20000000000073
2026-05-18,8,MOON,2026-05-18 12:48:05.563271+05:30,2026-05-18 13:54:26.211151+05:30,True,0,SHUKLA_DVITIYA,2,SHUKLA,BHADRA,MERCURY,MRIGASHIRA,5,KRITTIKA,3,1,LEO,5,18.96749044897831,33.151654655461584,54.13545462001889,TAURUS,2,TAURUS,2,CAPRICORN,LEO,PISCES,11,False,11,False,False,,23579.2,23661.65,23577.0,23642.85,82.45000000000073,2.2000000000007276,84.65000000000146,13,0.2699413042003029,Bullish,Bull,63.64999999999782
2026-05-18,9,SATURN,2026-05-18 13:54:26.211151+05:30,2026-05-18 15:00:46.859031+05:30,True,0,SHUKLA_DVITIYA,2,SHUKLA,BHADRA,MERCURY,MRIGASHIRA,5,KRITTIKA,3,1,VIRGO,6,4.254874455144147,33.19605418055676,54.835429297064614,TAURUS,2,TAURUS,2,CAPRICORN,LEO,PISCES,11,False,11,False,False,,23642.5,23695.65,23581.95,23662.7,53.150000000001455,60.54999999999927,113.70000000000073,14,0.08543935708998933,Bullish,Neutral,20.200000000000728
2026-05-18,10,JUPITER,2026-05-18 15:00:46.859031+05:30,2026-05-18 16:07:07.506911+05:30,True,0,SHUKLA_DVITIYA,2,SHUKLA,BHADRA,MERCURY,MRIGASHIRA,5,KRITTIKA,3,1,VIRGO,6,19.562136442180332,33.24045280084266,55.53507986531878,TAURUS,2,TAURUS,2,CAPRICORN,LEO,PISCES,11,False,11,False,False,,23662.45,23674.25,23619.3,23644.45,11.799999999999272,43.150000000001455,54.95000000000073,5,-0.07606989132570803,Bearish,Neutral,18.0
2026-05-19,4,MERCURY,2026-05-19 08:22:32.732004+05:30,2026-05-19 09:28:57.622758+05:30,True,1,SHUKLA_TRITIYA,3,SHUKLA,JAYA,MARS,MRIGASHIRA,5,KRITTIKA,3,4,GEMINI,3,20.71602776480296,33.93749954568599,66.46633123486075,TAURUS,2,GEMINI,3,AQUARIUS,SCORPIO,PISCES,11,False,10,True,False,,23675.3,23765.65,23675.25,23756.9,90.35000000000218,0.049999999999272404,90.40000000000146,3,0.34466300321432963,Bullish,Bull,81.60000000000218
2026-05-19,5,MOON,2026-05-19 09:28:57.622758+05:30,2026-05-19 10:35:22.513512+05:30,True,1,SHUKLA_TRITIYA,3,SHUKLA,JAYA,MARS,ARDRA,6,KRITTIKA,3,1,CANCER,4,5.319700402544768,33.981930150239755,67.15896793160479,TAURUS,2,GEMINI,3,AQUARIUS,SAGITTARIUS,PISCES,11,False,10,True,False,,23759.6,23768.95,23647.4,23753.15,9.350000000002183,112.19999999999709,121.54999999999927,14,-0.027146921665335652,Bearish,Neutral,6.44999999999709
2026-05-19,6,SATURN,2026-05-19 10:35:22.513512+05:30,2026-05-19 11:41:47.404266+05:30,True,1,SHUKLA_TRITIYA,3,SHUKLA,JAYA,MARS,ARDRA,6,KRITTIKA,3,1,CANCER,4,19.935140748903777,34.02635982484764,67.85101036828388,TAURUS,2,GEMINI,3,AQUARIUS,SAGITTARIUS,PISCES,11,False,10,True,False,,23754.0,23782.3,23695.35,23750.05,28.299999999999272,58.650000000001455,86.95000000000073,13,-0.016628778311024366,Bearish,Neutral,3.9500000000007276
2026-05-19,7,JUPITER,2026-05-19 11:41:47.404266+05:30,2026-05-19 12:48:12.295020+05:30,True,1,SHUKLA_TRITIYA,3,SHUKLA,JAYA,MARS,ARDRA,6,KRITTIKA,3,1,LEO,5,4.774956622498422,34.07078856832102,68.54244532720749,TAURUS,2,GEMINI,3,AQUARIUS,SAGITTARIUS,PISCES,11,False,10,True,False,,23752.2,23772.75,23721.0,23727.6,20.549999999999272,31.200000000000728,51.75,13,-0.10356935357567797,Bearish,Neutral,24.600000000002183
2026-05-19,8,MARS,2026-05-19 12:48:12.295020+05:30,2026-05-19 13:54:37.185774+05:30,True,1,SHUKLA_TRITIYA,3,SHUKLA,JAYA,MARS,ARDRA,6,KRITTIKA,3,1,LEO,5,19.8950768961478,34.11521637912224,69.23325981064102,TAURUS,2,GEMINI,3,AQUARIUS,SAGITTARIUS,PISCES,11,False,10,True,False,,23729.65,23743.3,23685.85,23699.55,13.649999999997817,43.80000000000291,57.45000000000073,13,-0.1268455286951227,Bearish,Neutral,30.100000000002183
2026-05-19,9,SUN,2026-05-19 13:54:37.185774+05:30,2026-05-19 15:01:02.076528+05:30,True,1,SHUKLA_TRITIYA,3,SHUKLA,JAYA,MARS,ARDRA,6,KRITTIKA,3,1,VIRGO,6,5.20572345084355,34.15964325660823,69.92344109297082,TAURUS,2,GEMINI,3,AQUARIUS,SAGITTARIUS,PISCES,11,False,10,True,False,,23700.6,23736.55,23623.1,23632.35,35.95000000000073,77.5,113.45000000000073,14,-0.28796739323055115,Bearish,Bear,68.25
2026-05-19,10,VENUS,2026-05-19 15:01:02.076528+05:30,2026-05-19 16:07:26.967282+05:30,True,1,SHUKLA_CHATURTHI,4,SHUKLA,RIKTA,SATURN,ARDRA,6,KRITTIKA,3,2,VIRGO,6,20.523814986215456,34.2040691996239,70.61297667458167,TAURUS,2,GEMINI,3,AQUARIUS,CAPRICORN,PISCES,11,False,10,True,False,,23632.35,23642.65,23587.2,23606.2,10.30000000000291,45.14999999999782,55.45000000000073,5,-0.11065340518398643,Bearish,Neutral,26.149999999997817
2026-05-20,4,JUPITER,2026-05-20 08:22:23.324010+05:30,2026-05-20 09:28:52.360847+05:30,True,2,SHUKLA_CHATURTHI,4,SHUKLA,RIKTA,SATURN,PUNARVASU,7,KRITTIKA,3,1,GEMINI,3,21.5513344570022,34.900524531135865,81.33143603803003,TAURUS,2,GEMINI,3,AQUARIUS,ARIES,PISCES,11,False,10,True,False,,23457.25,23481.95,23397.3,23476.95,24.700000000000728,59.95000000000073,84.65000000000146,3,0.08398256402605049,Bullish,Neutral,19.700000000000728
2026-05-20,5,MARS,2026-05-20 09:28:52.360847+05:30,2026-05-20 10:35:21.397684+05:30,True,2,SHUKLA_CHATURTHI,4,SHUKLA,RIKTA,SATURN,PUNARVASU,7,KRITTIKA,3,1,CANCER,4,6.162525957305462,34.94498095650208,82.0093002660252,TAURUS,2,GEMINI,3,AQUARIUS,ARIES,PISCES,11,False,10,True,False,,23477.85,23576.15,23473.5,23562.65,98.30000000000291,4.349999999998545,102.65000000000146,14,0.36119150603655326,Bullish,Bull,84.80000000000291
2026-05-20,6,SUN,2026-05-20 10:35:21.397684+05:30,2026-05-20 11:41:50.434521+05:30,True,2,SHUKLA_CHATURTHI,4,SHUKLA,RIKTA,SATURN,PUNARVASU,7,KRITTIKA,3,1,CANCER,4,20.801947826506222,34.98943642965882,82.68633911954622,TAURUS,2,GEMINI,3,AQUARIUS,ARIES,PISCES,11,False,10,True,False,,23562.1,23618.15,23503.65,23605.05,56.05000000000291,58.44999999999709,114.5,13,0.18228426158958977,Bullish,Neutral,42.95000000000073
2026-05-20,7,VENUS,2026-05-20 11:41:50.434521+05:30,2026-05-20 12:48:19.471358+05:30,True,2,SHUKLA_PANCHAMI,5,SHUKLA,POORNA,JUPITER,PUNARVASU,7,KRITTIKA,3,2,LEO,5,5.6738821685309375,35.03389095168398,83.36254502518437,TAURUS,2,GEMINI,3,AQUARIUS,TAURUS,PISCES,11,False,10,True,False,,23605.3,23640.25,23577.0,23601.9,34.95000000000073,28.299999999999272,63.25,13,-0.01440354496658724,Bearish,Neutral,3.399999999997817
2026-05-20,8,MERCURY,2026-05-20 12:48:19.471358+05:30,2026-05-20 13:54:48.508195+05:30,True,2,SHUKLA_PANCHAMI,5,SHUKLA,POORNA,JUPITER,PUNARVASU,7,KRITTIKA,3,2,LEO,5,20.82510295992779,35.0783445204988,84.03791063840657,TAURUS,2,GEMINI,3,AQUARIUS,TAURUS,PISCES,11,False,10,True,False,,23602.1,23620.9,23561.85,23605.1,18.80000000000291,40.25,59.05000000000291,13,0.012710733366946163,Bullish,Neutral,3.0
2026-05-20,9,MOON,2026-05-20 13:54:48.508195+05:30,2026-05-20 15:01:17.545032+05:30,True,2,SHUKLA_PANCHAMI,5,SHUKLA,POORNA,JUPITER,PUNARVASU,7,KRITTIKA,3,2,VIRGO,6,6.1579427962162185,35.12279713598468,84.71242891111135,TAURUS,2,GEMINI,3,AQUARIUS,TAURUS,PISCES,11,False,10,True,False,,23604.9,23690.9,23603.0,23643.5,86.0,1.9000000000014552,87.90000000000146,14,0.16352536973254936,Bullish,Neutral,38.599999999998545
2026-05-20,10,SATURN,2026-05-20 15:01:17.545032+05:30,2026-05-20 16:07:46.581869+05:30,True,2,SHUKLA_PANCHAMI,5,SHUKLA,POORNA,JUPITER,PUNARVASU,7,KRITTIKA,3,2,VIRGO,6,21.485711927124896,35.16724879756174,85.38609305708934,TAURUS,2,GEMINI,3,AQUARIUS,TAURUS,PISCES,11,False,10,True,False,,23643.75,23675.3,23641.7,23664.15,31.549999999999272,2.0499999999992724,33.599999999998545,5,0.0862807295797048,Bullish,Neutral,20.400000000001455
2026-05-21,4,VENUS,2026-05-21 08:22:14.747697+05:30,2026-05-21 09:28:47.831557+05:30,True,3,SHUKLA_PANCHAMI,5,SHUKLA,POORNA,JUPITER,PUSHYA,8,KRITTIKA,3,1,GEMINI,3,22.388700199956645,35.86311324107881,95.81815260076745,TAURUS,2,CANCER,4,AQUARIUS,LEO,PISCES,11,False,9,False,False,,23830.05,23859.9,23750.85,23758.1,29.850000000002183,79.20000000000073,109.05000000000291,3,-0.3019297064001155,Bearish,Bear,71.95000000000073
2026-05-21,5,MERCURY,2026-05-21 09:28:47.831557+05:30,2026-05-21 10:35:20.915417+05:30,True,3,SHUKLA_SHASHTHI,6,SHUKLA,NANDA,VENUS,PUSHYA,8,KRITTIKA,3,1,CANCER,4,7.0081688794187755,35.907594035877146,96.47749918301658,TAURUS,2,CANCER,4,AQUARIUS,LEO,PISCES,11,False,9,False,False,,23760.15,23812.0,23728.05,23736.35,51.849999999998545,32.10000000000218,83.95000000000073,14,-0.10016771779640662,Bearish,Neutral,23.80000000000291
2026-05-21,6,MOON,2026-05-21 10:35:20.915417+05:30,2026-05-21 11:41:53.999277+05:30,True,3,SHUKLA_SHASHTHI,6,SHUKLA,NANDA,VENUS,PUSHYA,8,KRITTIKA,3,2,CANCER,4,21.67195251799538,35.95207386935045,97.13591268681206,TAURUS,2,CANCER,4,AQUARIUS,VIRGO,PISCES,11,False,9,False,False,,23738.0,23774.2,23639.9,23731.15,36.20000000000073,98.09999999999854,134.29999999999927,13,-0.028856685483185377,Bearish,Neutral,6.849999999998545
2026-05-21,7,SATURN,2026-05-21 11:41:53.999277+05:30,2026-05-21 12:48:27.083137+05:30,True,3,SHUKLA_SHASHTHI,6,SHUKLA,NANDA,VENUS,PUSHYA,8,KRITTIKA,3,2,LEO,5,6.575871680539009,35.99655274100863,97.79339103097956,TAURUS,2,CANCER,4,AQUARIUS,VIRGO,PISCES,11,False,9,False,False,,23731.65,23744.8,23607.35,23630.9,13.149999999997817,124.30000000000291,137.45000000000073,13,-0.42453853819688053,Bearish,Bear,100.75
2026-05-21,8,JUPITER,2026-05-21 12:48:27.083137+05:30,2026-05-21 13:55:00.166997+05:30,True,3,SHUKLA_SHASHTHI,6,SHUKLA,NANDA,VENUS,PUSHYA,8,KRITTIKA,3,2,LEO,5,21.757502962795513,36.04103065073321,98.44993238603242,TAURUS,2,CANCER,4,AQUARIUS,VIRGO,PISCES,11,False,9,False,False,,23631.2,23691.8,23596.6,23673.35,60.599999999998545,34.60000000000218,95.20000000000073,14,0.17836588916346957,Bullish,Neutral,42.14999999999782
2026-05-21,9,MARS,2026-05-21 13:55:00.166997+05:30,2026-05-21 15:01:33.250857+05:30,True,3,SHUKLA_SHASHTHI,6,SHUKLA,NANDA,VENUS,PUSHYA,8,KRITTIKA,3,2,VIRGO,6,7.111439573498757,36.08550759931214,99.1055351510535,TAURUS,2,CANCER,4,AQUARIUS,VIRGO,PISCES,11,False,9,False,False,,23673.95,23705.4,23638.1,23669.4,31.450000000000728,35.85000000000218,67.30000000000291,13,-0.019219437398487672,Bearish,Neutral,4.549999999999272
2026-05-21,10,SUN,2026-05-21 15:01:33.250857+05:30,2026-05-21 16:08:06.334717+05:30,True,3,SHUKLA_SHASHTHI,6,SHUKLA,NANDA,VENUS,PUSHYA,8,KRITTIKA,3,2,VIRGO,6,22.44773392493383,36.12998358569234,99.76019793122225,TAURUS,2,CANCER,4,AQUARIUS,VIRGO,PISCES,11,False,9,False,False,,23669.4,23678.25,23631.1,23648.6,8.849999999998545,38.30000000000291,47.150000000001455,5,-0.08787717474884411,Bearish,Neutral,20.80000000000291
2026-05-22,4,SATURN,2026-05-22 08:22:07.002155+05:30,2026-05-22 09:28:44.031724+05:30,True,4,SHUKLA_SAPTAMI,7,SHUKLA,BHADRA,MERCURY,ASHLESHA,9,KRITTIKA,3,1,GEMINI,3,23.22818820909015,36.82526163066329,109.87361802510678,TAURUS,2,CANCER,4,PISCES,SAGITTARIUS,PISCES,11,False,9,False,False,,23671.2,23756.65,23671.0,23738.6,85.45000000000073,0.2000000000007276,85.65000000000146,3,0.2847341917604423,Bullish,Bull,67.39999999999782
2026-05-22,5,JUPITER,2026-05-22 09:28:44.031724+05:30,2026-05-22 10:35:21.061293+05:30,True,4,SHUKLA_SAPTAMI,7,SHUKLA,BHADRA,MERCURY,ASHLESHA,9,KRITTIKA,3,2,CANCER,4,7.856673466860386,36.869765570159075,110.51326374339091,TAURUS,2,CANCER,4,PISCES,CAPRICORN,PISCES,11,False,9,False,False,,23738.6,23800.15,23729.55,23773.05,61.55000000000291,9.049999999999272,70.60000000000218,14,0.145122290278284,Bullish,Neutral,34.45000000000073
2026-05-22,6,MARS,2026-05-22 10:35:21.061293+05:30,2026-05-22 11:41:58.090862+05:30,True,4,SHUKLA_SAPTAMI,7,SHUKLA,BHADRA,MERCURY,ASHLESHA,9,KRITTIKA,3,2,CANCER,4,22.545166982781737,36.91426854875805,111.15197692392452,TAURUS,2,CANCER,4,PISCES,CAPRICORN,PISCES,11,False,9,False,False,,23773.75,23808.9,23750.05,23808.25,35.150000000001455,23.700000000000728,58.85000000000218,13,0.14511803985488197,Bullish,Neutral,34.5
2026-05-22,7,SUN,2026-05-22 11:41:58.090862+05:30,2026-05-22 12:48:35.120431+05:30,True,4,SHUKLA_SAPTAMI,7,SHUKLA,BHADRA,MERCURY,ASHLESHA,9,KRITTIKA,3,2,LEO,5,7.480895936185291,36.9587705687127,111.78975982755776,TAURUS,2,CANCER,4,PISCES,CAPRICORN,PISCES,11,False,9,False,False,,23807.7,23828.5,23758.85,23813.0,20.799999999999272,48.85000000000218,69.65000000000146,13,0.022261705246618833,Bullish,Neutral,5.299999999999272
2026-05-22,8,VENUS,2026-05-22 12:48:35.120431+05:30,2026-05-22 13:55:12.150000+05:30,True,4,SHUKLA_SAPTAMI,7,SHUKLA,BHADRA,MERCURY,ASHLESHA,9,KRITTIKA,3,2,LEO,5,22.692205649599657,37.00327162953635,112.42661483687034,TAURUS,2,CANCER,4,PISCES,CAPRICORN,PISCES,11,False,9,False,False,,23813.0,23835.65,23782.5,23792.15,22.650000000001455,30.5,53.150000000001455,14,-0.08755721664636353,Bearish,Neutral,20.849999999998545
2026-05-22,9,MERCURY,2026-05-22 13:55:12.150000+05:30,2026-05-22 15:01:49.179569+05:30,True,4,SHUKLA_SAPTAMI,7,SHUKLA,BHADRA,MERCURY,ASHLESHA,9,KRITTIKA,3,2,VIRGO,6,8.066117065715673,37.04777173128588,113.06254449778281,TAURUS,2,CANCER,4,PISCES,CAPRICORN,PISCES,11,False,9,False,False,,23792.2,23795.6,23698.95,23710.95,3.399999999997817,93.25,96.64999999999782,13,-0.34149847428989333,Bearish,Bear,81.25
2026-05-22,10,MOON,2026-05-22 15:01:49.179569+05:30,2026-05-22 16:08:26.209138+05:30,True,4,SHUKLA_SAPTAMI,7,SHUKLA,BHADRA,MERCURY,ASHLESHA,9,KRITTIKA,3,3,VIRGO,6,23.409785901102225,37.09227087544587,113.69755152826758,TAURUS,2,CANCER,4,PISCES,AQUARIUS,PISCES,11,False,9,False,False,,23710.9,23751.9,23703.25,23748.85,41.0,7.650000000001455,48.650000000001455,5,0.16005297141819622,Bullish,Neutral,37.94999999999709
2026-05-25,4,MARS,2026-05-25 08:21:48.728138+05:30,2026-05-25 09:28:36.964657+05:30,True,0,SHUKLA_DASHAMI,10,SHUKLA,POORNA,JUPITER,UTTARA_PHALGUNI,12,KRITTIKA,3,1,GEMINI,3,25.759959538294453,39.70910120341014,149.5968689166725,TAURUS,2,LEO,5,PISCES,SAGITTARIUS,PISCES,11,False,8,False,False,,23940.25,23989.1,23922.85,23981.6,48.849999999998545,17.400000000001455,66.25,3,0.17272167166173513,Bullish,Neutral,41.349999999998545
2026-05-25,5,SUN,2026-05-25 09:28:36.964657+05:30,2026-05-25 10:35:25.201176+05:30,True,0,SHUKLA_DASHAMI,10,SHUKLA,POORNA,JUPITER,UTTARA_PHALGUNI,12,KRITTIKA,3,2,CANCER,4,10.419731201626234,39.753669215798105,150.1870284148997,TAURUS,2,VIRGO,6,PISCES,CAPRICORN,PISCES,11,False,7,True,False,,23981.95,23989.25,23924.4,23985.55,7.299999999999272,57.54999999999927,64.84999999999854,14,0.015011289740819844,Bullish,Neutral,3.599999999998545
2026-05-25,6,VENUS,2026-05-25 10:35:25.201176+05:30,2026-05-25 11:42:13.437695+05:30,True,0,SHUKLA_DASHAMI,10,SHUKLA,POORNA,JUPITER,UTTARA_PHALGUNI,12,KRITTIKA,3,2,CANCER,4,25.184112707273755,39.79823632881722,150.7765878356771,TAURUS,2,VIRGO,6,PISCES,CAPRICORN,PISCES,11,False,7,True,False,,23986.75,23995.9,23959.9,23980.95,9.150000000001455,26.849999999998545,36.0,13,-0.024180016050524864,Bearish,Neutral,5.799999999999272
2026-05-25,7,MERCURY,2026-05-25 11:42:13.437695+05:30,2026-05-25 12:49:01.674214+05:30,True,0,SHUKLA_DASHAMI,10,SHUKLA,POORNA,JUPITER,UTTARA_PHALGUNI,12,KRITTIKA,3,2,LEO,5,10.213791093784465,39.842802543531405,151.36555349018843,TAURUS,2,VIRGO,6,PISCES,CAPRICORN,PISCES,11,False,7,True,False,,23982.15,23992.7,23936.85,23941.85,10.549999999999272,45.30000000000291,55.85000000000218,13,-0.1680416476421126,Bearish,Neutral,40.30000000000291
2026-05-25,8,MOON,2026-05-25 12:49:01.674214+05:30,2026-05-25 13:55:49.910733+05:30,True,0,SHUKLA_DASHAMI,10,SHUKLA,POORNA,JUPITER,UTTARA_PHALGUNI,12,KRITTIKA,3,2,LEO,5,25.50933500676382,39.88736786107713,151.95393167529542,TAURUS,2,VIRGO,6,PISCES,CAPRICORN,PISCES,11,False,7,True,False,,23943.9,23991.0,23935.6,23965.35,47.099999999998545,8.30000000000291,55.400000000001455,14,0.08958440354327026,Bullish,Neutral,21.44999999999709
2026-05-25,9,SATURN,2026-05-25 13:55:49.910733+05:30,2026-05-25 15:02:38.147252+05:30,True,0,SHUKLA_DASHAMI,10,SHUKLA,POORNA,JUPITER,UTTARA_PHALGUNI,12,KRITTIKA,3,2,VIRGO,6,10.936207186701921,39.93193228358511,152.54172868940498,TAURUS,2,VIRGO,6,PISCES,CAPRICORN,PISCES,11,False,7,True,False,,23966.95,24038.1,23955.25,24032.55,71.14999999999782,11.700000000000728,82.84999999999854,13,0.27371025516387587,Bullish,Bull,65.59999999999854
2026-05-25,10,JUPITER,2026-05-25 15:02:38.147252+05:30,2026-05-25 16:09:26.383771+05:30,True,0,SHUKLA_DASHAMI,10,SHUKLA,POORNA,JUPITER,UTTARA_PHALGUNI,12,KRITTIKA,3,2,VIRGO,6,26.29513796056804,39.976495812225515,153.12895079584538,TAURUS,2,VIRGO,6,PISCES,CAPRICORN,PISCES,11,False,7,True,False,,24033.25,24054.45,24021.1,24049.9,21.200000000000728,12.150000000001455,33.35000000000218,5,0.06927901969147517,Bullish,Neutral,16.650000000001455
2026-05-26,4,MERCURY,2026-05-26 08:21:44.279337+05:30,2026-05-26 09:28:36.034132+05:30,True,1,SHUKLA_EKADASHI,11,SHUKLA,NANDA,VENUS,HASTA,13,ROHINI,4,1,GEMINI,3,26.608495395348655,40.669545509598926,162.19352494350986,TAURUS,2,VIRGO,6,ARIES,ARIES,PISCES,11,False,7,True,False,,24004.1,24041.25,23965.7,24034.1,37.150000000001455,38.39999999999782,75.54999999999927,3,0.12497864948071372,Bullish,Neutral,30.0
2026-05-26,5,MOON,2026-05-26 09:28:36.034132+05:30,2026-05-26 10:35:27.788927+05:30,True,1,SHUKLA_EKADASHI,11,SHUKLA,NANDA,VENUS,HASTA,13,ROHINI,4,1,CANCER,4,11.280035964634408,40.71413357392227,162.7726269284692,TAURUS,2,VIRGO,6,ARIES,ARIES,PISCES,11,False,7,True,False,,24034.4,24089.8,24014.55,24085.0,55.39999999999782,19.850000000002183,75.25,14,0.21053157141430007,Bullish,Bull,50.599999999998545
2026-05-26,6,SATURN,2026-05-26 10:35:27.788927+05:30,2026-05-26 11:42:19.543722+05:30,True,1,SHUKLA_EKADASHI,11,SHUKLA,NANDA,VENUS,HASTA,13,ROHINI,4,2,CANCER,4,26.070183581087022,40.758720771155275,163.35125905319953,TAURUS,2,VIRGO,6,ARIES,TAURUS,PISCES,11,False,7,True,False,,24084.85,24086.05,24026.2,24063.15,1.2000000000007276,58.64999999999782,59.849999999998545,13,-0.09009813222833893,Bearish,Neutral,21.69999999999709
2026-05-26,7,JUPITER,2026-05-26 11:42:19.543722+05:30,2026-05-26 12:49:11.298517+05:30,True,1,SHUKLA_EKADASHI,11,SHUKLA,NANDA,VENUS,HASTA,13,ROHINI,4,2,LEO,5,11.130540416890511,40.80330710292579,163.92942705934155,TAURUS,2,VIRGO,6,ARIES,TAURUS,PISCES,11,False,7,True,False,,24062.35,24066.95,23985.3,23997.6,4.600000000002183,77.04999999999927,81.65000000000146,13,-0.2690925865511889,Bearish,Bear,64.75
2026-05-26,8,MARS,2026-05-26 12:49:11.298517+05:30,2026-05-26 13:56:03.053312+05:30,True,1,SHUKLA_EKADASHI,11,SHUKLA,NANDA,VENUS,HASTA,13,ROHINI,4,2,LEO,5,26.452428660787575,40.847892570961726,164.50713664952937,TAURUS,2,VIRGO,6,ARIES,TAURUS,PISCES,11,False,7,True,False,,23997.7,24002.0,23934.1,23937.2,4.299999999999272,63.60000000000218,67.90000000000146,14,-0.25210749363480667,Bearish,Bear,60.5
2026-05-26,9,SUN,2026-05-26 13:56:03.053312+05:30,2026-05-26 15:02:54.808107+05:30,True,1,SHUKLA_EKADASHI,11,SHUKLA,NANDA,VENUS,HASTA,13,ROHINI,4,2,VIRGO,6,11.894564645379148,40.892477176502666,165.0843934811937,TAURUS,2,VIRGO,6,ARIES,TAURUS,PISCES,11,False,7,True,False,,23937.35,23940.7,23885.45,23909.75,3.350000000002183,51.89999999999782,55.25,13,-0.1153009836092907,Bearish,Neutral,27.599999999998545
2026-05-26,10,VENUS,2026-05-26 15:02:54.808107+05:30,2026-05-26 16:09:46.562902+05:30,True,1,SHUKLA_EKADASHI,11,SHUKLA,NANDA,VENUS,HASTA,13,ROHINI,4,2,VIRGO,6,27.256320605643793,40.93706092277512,165.66120319438073,TAURUS,2,VIRGO,6,ARIES,TAURUS,PISCES,11,False,7,True,False,,23907.6,23940.05,23897.1,23933.75,32.45000000000073,10.5,42.95000000000073,5,0.10937944419348433,Bullish,Neutral,26.150000000001455
2026-05-27,4,JUPITER,2026-05-27 08:21:40.643796+05:30,2026-05-27 09:28:35.804595+05:30,True,2,SHUKLA_DVADASHI,12,SHUKLA,BHADRA,MERCURY,CHITRA,14,ROHINI,4,1,GEMINI,3,27.459418609800593,41.62959606096405,174.5690457592726,TAURUS,2,VIRGO,6,ARIES,LEO,PISCES,11,False,7,True,False,,23880.35,23950.15,23869.65,23903.95,69.80000000000291,10.69999999999709,80.5,3,0.09882602223167661,Bullish,Neutral,23.600000000002183
2026-05-27,5,MARS,2026-05-27 09:28:35.804595+05:30,2026-05-27 10:35:30.965394+05:30,True,2,SHUKLA_DVADASHI,12,SHUKLA,BHADRA,MERCURY,CHITRA,14,ROHINI,4,1,CANCER,4,12.14335953054514,41.674203675858884,175.13972232213453,TAURUS,2,VIRGO,6,ARIES,LEO,PISCES,11,False,7,True,False,,23899.9,23971.05,23868.5,23953.85,71.14999999999782,31.400000000001455,102.54999999999927,14,0.2257331620634274,Bullish,Bull,53.94999999999709
2026-05-27,6,SUN,2026-05-27 10:35:30.965394+05:30,2026-05-27 11:42:26.126193+05:30,True,2,SHUKLA_DVADASHI,12,SHUKLA,BHADRA,MERCURY,CHITRA,14,ROHINI,4,1,CANCER,4,26.959447633177348,41.7188104605791,175.71004262807836,TAURUS,2,VIRGO,6,ARIES,LEO,PISCES,11,False,7,True,False,,23956.0,23983.2,23918.9,23953.5,27.200000000000728,37.099999999998545,64.29999999999927,13,-0.010435798964768742,Bearish,Neutral,2.5
2026-05-27,7,VENUS,2026-05-27 11:42:26.126193+05:30,2026-05-27 12:49:21.286992+05:30,True,2,SHUKLA_DVADASHI,12,SHUKLA,BHADRA,MERCURY,CHITRA,14,ROHINI,4,1,LEO,5,12.050090585015937,41.763416416840286,176.2800114687314,TAURUS,2,VIRGO,6,ARIES,LEO,PISCES,11,False,7,True,False,,23954.3,23963.6,23902.45,23930.5,9.299999999999272,51.849999999998545,61.14999999999782,13,-0.09935585677727703,Bearish,Neutral,23.799999999999272
2026-05-27,8,MERCURY,2026-05-27 12:49:21.286992+05:30,2026-05-27 13:56:16.447791+05:30,True,2,SHUKLA_DVADASHI,12,SHUKLA,BHADRA,MERCURY,CHITRA,14,ROHINI,4,2,LEO,5,27.397391622445383,41.80802154599094,176.84963358748044,TAURUS,2,VIRGO,6,ARIES,VIRGO,PISCES,11,False,7,True,False,,23930.15,23931.75,23882.05,23912.3,1.5999999999985448,48.10000000000218,49.70000000000073,14,-0.07459209407380304,Bearish,Neutral,17.850000000002183
2026-05-27,9,MOON,2026-05-27 13:56:16.447791+05:30,2026-05-27 15:03:11.608590+05:30,True,2,SHUKLA_DVADASHI,12,SHUKLA,BHADRA,MERCURY,CHITRA,14,ROHINI,4,2,VIRGO,6,12.853566943806527,41.852625850898704,177.418913696595,TAURUS,2,VIRGO,6,ARIES,VIRGO,PISCES,11,False,7,True,False,,23911.95,23924.1,23858.25,23888.2,12.149999999997817,53.70000000000073,65.84999999999854,13,-0.09932272357545077,Bearish,Neutral,23.75
2026-05-27,10,SATURN,2026-05-27 15:03:11.608590+05:30,2026-05-27 16:10:06.769389+05:30,True,2,SHUKLA_DVADASHI,12,SHUKLA,BHADRA,MERCURY,CHITRA,14,ROHINI,4,2,VIRGO,6,28.217034090074264,41.897229332624136,177.98785644243694,TAURUS,2,VIRGO,6,ARIES,VIRGO,PISCES,11,False,7,True,False,,23888.4,23926.85,23880.7,23920.65,38.44999999999709,7.700000000000728,46.14999999999782,5,0.13500276284723964,Bullish,Neutral,32.25
2026-05-29,4,SATURN,2026-05-29 08:21:35.787144+05:30,2026-05-29 09:28:37.414779+05:30,True,4,SHUKLA_TRAYODASHI,13,SHUKLA,JAYA,MARS,SWATI,15,ROHINI,4,4,GEMINI,3,29.16860264704283,43.54858734267695,198.8596607416992,TAURUS,2,LIBRA,7,TAURUS,PISCES,PISCES,11,False,6,False,False,,23902.15,24002.8,23889.15,23893.4,100.64999999999782,13.0,113.64999999999782,3,-0.03660758551009009,Bearish,Neutral,8.75
2026-05-29,5,JUPITER,2026-05-29 09:28:37.414779+05:30,2026-05-29 10:35:39.042414+05:30,True,4,SHUKLA_TRAYODASHI,13,SHUKLA,JAYA,MARS,SWATI,15,ROHINI,4,4,CANCER,4,13.879138331911847,43.593232762061696,199.41965598208975,TAURUS,2,LIBRA,7,TAURUS,PISCES,PISCES,11,False,6,False,False,,23892.2,23954.5,23871.1,23916.55,62.29999999999927,21.100000000002183,83.40000000000146,14,0.10191610651174252,Bullish,Neutral,24.349999999998545
2026-05-29,6,MARS,2026-05-29 10:35:39.042414+05:30,2026-05-29 11:42:40.670049+05:30,True,4,SHUKLA_CHATURDASHI,14,SHUKLA,RIKTA,SATURN,SWATI,15,ROHINI,4,4,CANCER,4,28.747479863407804,43.6378774336226,199.9794585527864,TAURUS,2,LIBRA,7,TAURUS,PISCES,PISCES,11,False,6,False,False,,23915.2,23921.0,23875.35,23885.9,5.799999999999272,39.85000000000218,45.650000000001455,13,-0.12251622399143336,Bearish,Neutral,29.299999999999272
2026-05-29,7,SUN,2026-05-29 11:42:40.670049+05:30,2026-05-29 12:49:42.297684+05:30,True,4,SHUKLA_CHATURDASHI,14,SHUKLA,RIKTA,SATURN,VISHAKHA,16,ROHINI,4,1,LEO,5,13.897339668681525,43.68252135945279,200.53907135874968,TAURUS,2,LIBRA,7,TAURUS,ARIES,PISCES,11,False,6,False,False,,23885.55,23914.0,23815.1,23851.2,28.450000000000728,70.45000000000073,98.90000000000146,13,-0.14381079774172478,Bearish,Neutral,34.349999999998545
2026-05-29,8,VENUS,2026-05-29 12:49:42.297684+05:30,2026-05-29 13:56:43.925319+05:30,True,4,SHUKLA_CHATURDASHI,14,SHUKLA,RIKTA,SATURN,VISHAKHA,16,ROHINI,4,1,LEO,5,29.29252245251439,43.72716454119899,201.09849726509074,TAURUS,2,LIBRA,7,TAURUS,ARIES,PISCES,11,False,6,False,False,,23850.7,23851.9,23739.7,23757.65,1.2000000000007276,111.0,112.20000000000073,14,-0.3901353000121559,Bearish,Bear,93.04999999999927
2026-05-29,9,MERCURY,2026-05-29 13:56:43.925319+05:30,2026-05-29 15:03:45.552954+05:30,True,4,SHUKLA_CHATURDASHI,14,SHUKLA,RIKTA,SATURN,VISHAKHA,16,ROHINI,4,1,VIRGO,6,14.773045147708956,43.771806981869695,201.65773912009877,TAURUS,2,LIBRA,7,TAURUS,ARIES,PISCES,11,False,6,False,False,,23758.05,23802.05,23566.1,23569.4,44.0,191.95000000000073,235.95000000000073,13,-0.79404664945144,Bearish,Strong Bear,188.64999999999782
2026-05-29,10,MOON,2026-05-29 15:03:45.552954+05:30,2026-05-29 16:10:47.180589+05:30,True,4,SHUKLA_CHATURDASHI,14,SHUKLA,RIKTA,SATURN,VISHAKHA,16,ROHINI,4,1,LIBRA,7,0.13664900948893433,43.816448683108206,202.2167997223327,TAURUS,2,LIBRA,7,TAURUS,ARIES,PISCES,11,False,6,False,False,,23569.4,23618.0,23484.75,23609.3,48.599999999998545,84.65000000000146,133.25,5,0.16928729624003078,Bullish,Neutral,39.89999999999782
2026-06-01,4,MARS,2026-06-01 08:21:34.420279+05:30,2026-06-01 09:28:44.855055+05:30,True,0,KRISHNA_PRATIPADA,16,KRISHNA,NANDA,VENUS,JYESHTHA,18,ROHINI,4,3,CANCER,4,1.751305138758056,46.424598894451876,234.66569044431313,TAURUS,2,SCORPIO,8,TAURUS,AQUARIUS,PISCES,11,False,5,False,False,,23654.5,23733.7,23587.75,23592.95,79.20000000000073,66.75,145.95000000000073,3,-0.2602041894776862,Bearish,Bear,61.54999999999927
2026-06-01,5,SUN,2026-06-01 09:28:44.855055+05:30,2026-06-01 10:35:55.289831+05:30,True,0,KRISHNA_PRATIPADA,16,KRISHNA,NANDA,VENUS,JYESHTHA,18,ROHINI,4,3,CANCER,4,16.50581677712273,46.469298174486646,235.2195003982849,TAURUS,2,SCORPIO,8,TAURUS,AQUARIUS,PISCES,11,False,5,False,False,,23591.95,23623.8,23517.7,23543.05,31.849999999998545,74.25,106.09999999999854,14,-0.20727409137439445,Bearish,Bear,48.900000000001455
2026-06-01,6,VENUS,2026-06-01 10:35:55.289831+05:30,2026-06-01 11:43:05.724607+05:30,True,0,KRISHNA_PRATIPADA,16,KRISHNA,NANDA,VENUS,JYESHTHA,18,ROHINI,4,3,LEO,5,1.4528792250742129,46.51399684245795,235.77327090288017,TAURUS,2,SCORPIO,8,TAURUS,AQUARIUS,PISCES,11,False,5,False,False,,23542.3,23619.25,23535.75,23550.0,76.95000000000073,6.549999999999272,83.5,13,0.03270708469436175,Bullish,Neutral,7.700000000000728
2026-06-01,7,MERCURY,2026-06-01 11:43:05.724607+05:30,2026-06-01 12:50:16.159383+05:30,True,0,KRISHNA_PRATIPADA,16,KRISHNA,NANDA,VENUS,JYESHTHA,18,ROHINI,4,3,LEO,5,16.68750683455272,46.55869490121887,236.3270044801677,TAURUS,2,SCORPIO,8,TAURUS,AQUARIUS,PISCES,11,False,5,False,False,,23549.75,23562.2,23486.0,23528.2,12.450000000000728,63.75,76.20000000000073,14,-0.0915084024246511,Bearish,Neutral,21.549999999999272
2026-06-01,8,MOON,2026-06-01 12:50:16.159383+05:30,2026-06-01 13:57:26.594159+05:30,True,0,KRISHNA_PRATIPADA,16,KRISHNA,NANDA,VENUS,JYESHTHA,18,ROHINI,4,4,VIRGO,6,2.1466253400493542,46.60339235330727,236.88070367712734,TAURUS,2,SCORPIO,8,TAURUS,PISCES,PISCES,11,False,5,False,False,,23528.0,23531.45,23447.7,23456.1,3.4500000000007276,80.29999999999927,83.75,13,-0.3055933356001422,Bearish,Bear,71.90000000000146
2026-06-01,9,SATURN,2026-06-01 13:57:26.594159+05:30,2026-06-01 15:04:37.028935+05:30,True,0,KRISHNA_PRATIPADA,16,KRISHNA,NANDA,VENUS,JYESHTHA,18,ROHINI,4,4,VIRGO,6,17.65417984198865,46.648089199975004,237.43437105019794,TAURUS,2,SCORPIO,8,TAURUS,PISCES,PISCES,11,False,5,False,False,,23456.35,23459.6,23357.95,23391.65,3.25,98.39999999999782,101.64999999999782,13,-0.27583149125928413,Bearish,Bear,64.69999999999709
2026-06-01,10,JUPITER,2026-06-01 15:04:37.028935+05:30,2026-06-01 16:11:47.463711+05:30,True,0,KRISHNA_PRATIPADA,16,KRISHNA,NANDA,VENUS,JYESHTHA,18,ROHINI,4,4,LIBRA,7,3.0100330420077626,46.69278544382572,237.98800919916465,TAURUS,2,SCORPIO,8,GEMINI,PISCES,PISCES,11,False,5,False,False,,23391.65,23412.1,23362.8,23379.2,20.44999999999709,28.850000000002183,49.29999999999927,5,-0.053224120572942596,Bearish,Neutral,12.450000000000728
2026-06-02,4,MERCURY,2026-06-02 08:21:35.505304+05:30,2026-06-02 09:28:48.629938+05:30,True,1,KRISHNA_DVITIYA,17,KRISHNA,BHADRA,MERCURY,MULA,19,ROHINI,4,2,CANCER,4,2.617386001523286,47.382693735813696,246.5329191888219,TAURUS,2,SAGITTARIUS,9,GEMINI,TAURUS,PISCES,11,False,4,True,False,,23229.15,23297.75,23229.15,23282.1,68.59999999999854,0.0,68.59999999999854,3,0.22794635188974666,Bullish,Bull,52.94999999999709
2026-06-02,5,MOON,2026-06-02 09:28:48.629938+05:30,2026-06-02 10:36:01.754572+05:30,True,1,KRISHNA_DVITIYA,17,KRISHNA,BHADRA,MERCURY,MULA,19,ROHINI,4,3,CANCER,4,17.38753198369973,47.427410203470444,247.0868454762442,TAURUS,2,SAGITTARIUS,9,GEMINI,GEMINI,PISCES,11,False,4,True,False,,23281.3,23375.95,23261.2,23351.2,94.65000000000146,20.099999999998545,114.75,14,0.3002409659254486,Bullish,Bull,69.90000000000146
2026-06-02,6,SATURN,2026-06-02 10:36:01.754572+05:30,2026-06-02 11:43:14.879206+05:30,True,1,KRISHNA_DVITIYA,17,KRISHNA,BHADRA,MERCURY,MULA,19,ROHINI,4,3,LEO,5,2.3607633760133524,47.47212610408801,247.64079298134237,TAURUS,2,SAGITTARIUS,9,GEMINI,GEMINI,PISCES,11,False,4,True,False,,23350.35,23363.95,23281.55,23298.3,13.600000000002183,68.79999999999927,82.40000000000146,13,-0.22290886432108845,Bearish,Bear,52.04999999999927
2026-06-02,7,JUPITER,2026-06-02 11:43:14.879206+05:30,2026-06-02 12:50:28.003840+05:30,True,1,KRISHNA_DVITIYA,17,KRISHNA,BHADRA,MERCURY,MULA,19,ROHINI,4,3,LEO,5,17.62238719804776,47.5168414415799,248.19476496818353,TAURUS,2,SAGITTARIUS,9,GEMINI,GEMINI,PISCES,11,False,4,True,False,,23298.3,23449.75,23270.95,23434.35,151.45000000000073,27.349999999998545,178.79999999999927,14,0.5839481850607094,Bullish,Strong Bull,136.04999999999927
2026-06-02,8,MARS,2026-06-02 12:50:28.003840+05:30,2026-06-02 13:57:41.128474+05:30,True,1,KRISHNA_DVITIYA,17,KRISHNA,BHADRA,MERCURY,MULA,19,ROHINI,4,3,VIRGO,6,3.100583062538732,47.56155621653986,248.74876470441683,TAURUS,2,SAGITTARIUS,9,GEMINI,GEMINI,PISCES,11,False,4,True,False,,23432.95,23535.05,23429.6,23515.15,102.09999999999854,3.350000000002183,105.45000000000073,13,0.35078809966308433,Bullish,Bull,82.20000000000073
2026-06-02,9,SUN,2026-06-02 13:57:41.128474+05:30,2026-06-02 15:04:54.253108+05:30,True,1,KRISHNA_DVITIYA,17,KRISHNA,BHADRA,MERCURY,MULA,19,ROHINI,4,3,VIRGO,6,18.614590121462953,47.606270431948566,249.30279552242163,TAURUS,2,SAGITTARIUS,9,GEMINI,GEMINI,PISCES,11,False,4,True,False,,23514.3,23556.95,23422.65,23464.15,42.650000000001455,91.64999999999782,134.29999999999927,13,-0.2132744755319011,Bearish,Bear,50.14999999999782
2026-06-02,10,VENUS,2026-06-02 15:04:54.253108+05:30,2026-06-02 16:12:07.377742+05:30,True,1,KRISHNA_DVITIYA,17,KRISHNA,BHADRA,MERCURY,MULA,19,ROHINI,4,3,LIBRA,7,3.9658202915162803,47.650984089539236,249.85686079222145,TAURUS,2,SAGITTARIUS,9,GEMINI,GEMINI,PISCES,11,False,4,True,False,,23464.1,23525.7,23463.8,23523.3,61.60000000000218,0.2999999999992724,61.900000000001455,5,0.25230032262051705,Bullish,Bull,59.20000000000073
2026-06-03,4,JUPITER,2026-06-03 08:21:37.342524+05:30,2026-06-03 09:28:53.031051+05:30,True,2,KRISHNA_TRITIYA,18,KRISHNA,JAYA,MARS,PURVA_ASHADHA,20,ROHINI,4,2,CANCER,4,3.4861025421724605,48.340536047879766,258.4092347198934,TAURUS,2,SAGITTARIUS,9,GEMINI,VIRGO,PISCES,11,False,4,True,False,,23415.95,23447.65,23265.25,23292.7,31.700000000000728,150.70000000000073,182.40000000000146,3,-0.526350628524574,Bearish,Strong Bear,123.25
2026-06-03,5,MARS,2026-06-03 09:28:53.031051+05:30,2026-06-03 10:36:08.719578+05:30,True,2,KRISHNA_TRITIYA,18,KRISHNA,JAYA,MARS,PURVA_ASHADHA,20,ROHINI,4,2,CANCER,4,18.272320587928874,48.38526926350533,258.9647414596879,TAURUS,2,SAGITTARIUS,9,GEMINI,VIRGO,PISCES,11,False,4,True,False,,23293.5,23299.8,23212.1,23232.85,6.299999999999272,81.40000000000146,87.70000000000073,14,-0.26037306544744865,Bearish,Bear,60.650000000001455
2026-06-03,6,SUN,2026-06-03 10:36:08.719578+05:30,2026-06-03 11:43:24.408105+05:30,True,2,KRISHNA_TRITIYA,18,KRISHNA,JAYA,MARS,PURVA_ASHADHA,20,ROHINI,4,2,LEO,5,3.271615744256337,48.43000195711648,259.5203490485472,TAURUS,2,SAGITTARIUS,9,GEMINI,VIRGO,PISCES,11,False,4,True,False,,23233.3,23245.0,23194.8,23214.2,11.700000000000728,38.5,50.20000000000073,13,-0.08220958710126648,Bearish,Neutral,19.099999999998545
2026-06-03,7,VENUS,2026-06-03 11:43:24.408105+05:30,2026-06-03 12:50:40.096632+05:30,True,2,KRISHNA_TRITIYA,18,KRISHNA,JAYA,MARS,PURVA_ASHADHA,20,ROHINI,4,3,LEO,5,18.55953267261404,48.474734131080154,260.07606175979106,TAURUS,2,SAGITTARIUS,9,GEMINI,LIBRA,PISCES,11,False,4,True,False,,23215.05,23347.55,23151.5,23275.2,132.5,63.54999999999927,196.04999999999927,14,0.2590991619660585,Bullish,Bull,60.150000000001455
2026-06-03,8,MERCURY,2026-06-03 12:50:40.096632+05:30,2026-06-03 13:57:55.785159+05:30,True,2,KRISHNA_TRITIYA,18,KRISHNA,JAYA,MARS,PURVA_ASHADHA,20,ROHINI,4,3,VIRGO,6,4.055638624500546,48.51946578606821,260.63188390281874,TAURUS,2,SAGITTARIUS,9,GEMINI,LIBRA,PISCES,11,False,4,True,False,,23275.7,23427.05,23271.95,23361.1,151.34999999999854,3.75,155.09999999999854,13,0.3669062584583828,Bullish,Bull,85.39999999999782
2026-06-03,9,MOON,2026-06-03 13:57:55.785159+05:30,2026-06-03 15:05:11.473686+05:30,True,2,KRISHNA_TRITIYA,18,KRISHNA,JAYA,MARS,PURVA_ASHADHA,20,ROHINI,4,3,VIRGO,6,19.574813854088518,48.5641969255669,261.18781987910126,TAURUS,2,SAGITTARIUS,9,GEMINI,LIBRA,PISCES,11,False,4,True,False,,23363.55,23459.65,23363.1,23389.4,96.10000000000218,0.4500000000007276,96.55000000000291,14,0.11064243233584872,Bullish,Neutral,25.850000000002183
2026-06-03,10,SATURN,2026-06-03 15:05:11.473686+05:30,2026-06-03 16:12:27.162213+05:30,True,2,KRISHNA_TRITIYA,18,KRISHNA,JAYA,MARS,PURVA_ASHADHA,20,ROHINI,4,3,LIBRA,7,4.9204410042487154,48.60892755062213,261.7438741049397,TAURUS,2,SAGITTARIUS,9,GEMINI,LIBRA,PISCES,11,False,4,True,False,,23391.05,23411.3,23373.9,23396.95,20.25,17.149999999997817,37.39999999999782,4,0.02522332259561437,Bullish,Neutral,5.900000000001455
2026-06-04,4,VENUS,2026-06-04 08:21:39.919798+05:30,2026-06-04 09:28:58.044526+05:30,True,3,KRISHNA_CHATURTHI,19,KRISHNA,RIKTA,SATURN,UTTARA_ASHADHA,21,ROHINI,4,2,CANCER,4,4.3574762017642,49.29814616580329,270.3308490430884,TAURUS,2,CAPRICORN,10,GEMINI,CAPRICORN,PISCES,11,False,3,False,False,,23282.45,23362.85,23247.3,23334.8,80.39999999999782,35.150000000001455,115.54999999999927,3,0.22484747094914212,Bullish,Bull,52.349999999998545
2026-06-04,5,MERCURY,2026-06-04 09:28:58.044526+05:30,2026-06-04 10:36:16.169254+05:30,True,3,KRISHNA_CHATURTHI,19,KRISHNA,RIKTA,SATURN,UTTARA_ASHADHA,21,ROHINI,4,2,CANCER,4,19.160173166720227,49.342895636408834,270.88986226297897,TAURUS,2,CAPRICORN,10,GEMINI,CAPRICORN,PISCES,11,False,3,False,False,,23334.75,23450.1,23304.35,23385.95,115.34999999999854,30.400000000001455,145.75,14,0.21941524978840882,Bullish,Bull,51.20000000000073
2026-06-04,6,MOON,2026-06-04 10:36:16.169254+05:30,2026-06-04 11:43:34.293982+05:30,True,3,KRISHNA_CHATURTHI,19,KRISHNA,RIKTA,SATURN,UTTARA_ASHADHA,21,ROHINI,4,2,LEO,5,4.185384440863388,49.38764462631068,271.44907996567434,TAURUS,2,CAPRICORN,10,GEMINI,CAPRICORN,PISCES,11,False,3,False,False,,23385.7,23462.3,23359.45,23443.65,76.59999999999854,26.25,102.84999999999854,13,0.24780100659805232,Bullish,Bull,57.95000000000073
2026-06-04,7,SATURN,2026-06-04 11:43:34.293982+05:30,2026-06-04 12:50:52.418710+05:30,True,3,KRISHNA_CHATURTHI,19,KRISHNA,RIKTA,SATURN,UTTARA_ASHADHA,21,ROHINI,4,2,LEO,5,19.498848124956226,49.432393137830495,272.00850761906923,TAURUS,2,CAPRICORN,10,GEMINI,CAPRICORN,PISCES,11,False,3,False,False,,23443.75,23451.65,23381.3,23405.0,7.900000000001455,62.45000000000073,70.35000000000218,14,-0.1652892561983471,Bearish,Neutral,38.75
2026-06-04,8,JUPITER,2026-06-04 12:50:52.418710+05:30,2026-06-04 13:58:10.543438+05:30,True,3,KRISHNA_CHATURTHI,19,KRISHNA,RIKTA,SATURN,UTTARA_ASHADHA,21,ROHINI,4,2,VIRGO,6,5.01166916202294,49.477141172925975,272.56815074148597,TAURUS,2,CAPRICORN,10,GEMINI,CAPRICORN,PISCES,11,False,3,False,False,,23405.1,23422.0,23313.15,23367.9,16.900000000001455,91.94999999999709,108.84999999999854,13,-0.15893971826651923,Bearish,Neutral,37.19999999999709
2026-06-04,9,MARS,2026-06-04 13:58:10.543438+05:30,2026-06-04 15:05:28.668166+05:30,True,3,KRISHNA_CHATURTHI,19,KRISHNA,RIKTA,SATURN,UTTARA_ASHADHA,21,ROHINI,4,2,VIRGO,6,20.534728686124794,49.521888734060376,273.1280149129216,TAURUS,2,CAPRICORN,10,GEMINI,CAPRICORN,PISCES,11,False,3,False,False,,23368.9,23465.3,23367.75,23412.65,96.39999999999782,1.1500000000014552,97.54999999999927,14,0.18721463141183367,Bullish,Neutral,43.75
2026-06-04,10,SUN,2026-06-04 15:05:28.668166+05:30,2026-06-04 16:12:46.792894+05:30,True,3,KRISHNA_CHATURTHI,19,KRISHNA,RIKTA,SATURN,UTTARA_ASHADHA,21,ROHINI,4,3,LIBRA,7,5.8737989774704715,49.56663582159583,273.68810574697784,TAURUS,2,CAPRICORN,10,GEMINI,AQUARIUS,PISCES,11,False,3,False,False,,23413.1,23446.8,23409.75,23438.0,33.70000000000073,3.349999999998545,37.04999999999927,4,0.10635071818768746,Bullish,Neutral,24.900000000001455
2026-06-05,4,SATURN,2026-06-05 08:21:43.224166+05:30,2026-06-05 09:29:03.655748+05:30,True,4,KRISHNA_PANCHAMI,20,KRISHNA,POORNA,JUPITER,SHRAVANA,22,ROHINI,4,1,CANCER,4,5.23152521858789,50.25554347095068,282.34468267131035,TAURUS,2,CAPRICORN,10,CANCER,ARIES,PISCES,11,False,3,False,False,,23478.95,23516.35,23439.3,23461.95,37.39999999999782,39.650000000001455,77.04999999999927,3,-0.0724052821782916,Bearish,Neutral,17.0
2026-06-05,5,JUPITER,2026-06-05 09:29:03.655748+05:30,2026-06-05 10:36:24.087330+05:30,True,4,KRISHNA_PANCHAMI,20,KRISHNA,POORNA,JUPITER,SHRAVANA,22,ROHINI,4,1,CANCER,4,20.05107522767807,50.30030863592827,282.9096641105845,TAURUS,2,CAPRICORN,10,CANCER,ARIES,PISCES,11,False,3,False,False,,23462.2,23512.65,23360.7,23364.15,50.45000000000073,101.5,151.95000000000073,14,-0.4179062492008391,Bearish,Bear,98.04999999999927
2026-06-05,6,MARS,2026-06-05 10:36:24.087330+05:30,2026-06-05 11:43:44.518912+05:30,True,4,KRISHNA_PANCHAMI,20,KRISHNA,POORNA,JUPITER,SHRAVANA,22,ROHINI,4,2,LEO,5,5.102012263895531,50.34507336017625,283.4749792970674,TAURUS,2,CAPRICORN,10,CANCER,TAURUS,PISCES,11,False,3,False,False,,23364.75,23494.8,23331.8,23422.8,130.04999999999927,32.95000000000073,163.0,13,0.24845119250152164,Bullish,Bull,58.04999999999927
2026-06-05,7,SUN,2026-06-05 11:43:44.518912+05:30,2026-06-05 12:51:04.950494+05:30,True,4,KRISHNA_PANCHAMI,20,KRISHNA,POORNA,JUPITER,SHRAVANA,22,ROHINI,4,2,LEO,5,20.44023376809747,50.38983764615967,284.0406348633643,TAURUS,2,CAPRICORN,10,CANCER,TAURUS,PISCES,11,False,3,False,False,,23424.35,23455.25,23351.2,23366.1,30.900000000001455,73.14999999999782,104.04999999999927,14,-0.24867285538339381,Bearish,Bear,58.25
2026-06-05,8,VENUS,2026-06-05 12:51:04.950494+05:30,2026-06-05 13:58:25.382076+05:30,True,4,KRISHNA_PANCHAMI,20,KRISHNA,POORNA,JUPITER,SHRAVANA,22,ROHINI,4,2,VIRGO,6,5.96854919356511,50.43460149410307,284.6066374750935,TAURUS,2,CAPRICORN,10,CANCER,TAURUS,PISCES,11,False,3,False,False,,23365.8,23376.2,23282.65,23330.85,10.400000000001455,83.14999999999782,93.54999999999927,13,-0.1495775877564677,Bearish,Neutral,34.95000000000073
2026-06-05,9,MERCURY,2026-06-05 13:58:25.382076+05:30,2026-06-05 15:05:45.813658+05:30,True,4,KRISHNA_PANCHAMI,20,KRISHNA,POORNA,JUPITER,SHRAVANA,22,ROHINI,4,2,VIRGO,6,21.494211836551102,50.47936490693896,285.17299386391477,TAURUS,2,CAPRICORN,10,CANCER,TAURUS,PISCES,11,False,3,False,False,,23330.25,23418.25,23301.0,23362.45,88.0,29.25,117.25,14,0.1380182381243267,Bullish,Neutral,32.20000000000073
2026-06-05,10,MOON,2026-06-05 15:05:45.813658+05:30,2026-06-05 16:13:06.245240+05:30,True,4,KRISHNA_PANCHAMI,20,KRISHNA,POORNA,JUPITER,SHRAVANA,22,ROHINI,4,2,LIBRA,7,6.825799558821387,50.52412788681421,285.73971080992527,TAURUS,2,CAPRICORN,10,CANCER,TAURUS,PISCES,11,False,3,False,False,,23363.3,23386.5,23355.8,23368.85,23.200000000000728,7.5,30.700000000000728,4,0.023755205814244017,Bullish,Neutral,5.549999999999272
2026-06-08,4,MARS,2026-06-08 08:21:57.358140+05:30,2026-06-08 09:29:23.918772+05:30,True,0,KRISHNA_ASHTAMI,23,KRISHNA,JAYA,MARS,SHATABHISHA,24,ROHINI,4,4,CANCER,4,7.869842140771553,53.12663346388673,319.5706891147334,TAURUS,2,AQUARIUS,11,CANCER,PISCES,PISCES,11,False,2,False,True,Setting,23080.7,23157.05,23070.15,23155.5,76.34999999999854,10.549999999999272,86.89999999999782,3,0.3240802921921747,Bullish,Bull,74.79999999999927
2026-06-08,5,SUN,2026-06-08 09:29:23.918772+05:30,2026-06-08 10:36:50.479404+05:30,True,0,KRISHNA_ASHTAMI,23,KRISHNA,JAYA,MARS,PURVA_BHADRAPADA,25,ROHINI,4,1,CANCER,4,22.741863892775143,53.17144154998485,320.1729162054395,TAURUS,2,AQUARIUS,11,CANCER,ARIES,PISCES,11,False,2,False,True,Setting,23156.1,23216.0,23125.25,23207.95,59.900000000001455,30.849999999998545,90.75,14,0.2239150806914903,Bullish,Bull,51.85000000000218
2026-06-08,6,VENUS,2026-06-08 10:36:50.479404+05:30,2026-06-08 11:44:17.040036+05:30,True,0,KRISHNA_ASHTAMI,23,KRISHNA,JAYA,MARS,PURVA_BHADRAPADA,25,ROHINI,4,1,LEO,5,7.868400977489017,53.21624929258752,320.77596245837293,TAURUS,2,AQUARIUS,11,CANCER,ARIES,PISCES,11,False,2,False,True,Setting,23207.85,23223.45,23179.0,23205.45,15.600000000002183,28.849999999998545,44.45000000000073,13,-0.010341328472899546,Bearish,Neutral,2.399999999997817
2026-06-08,7,MERCURY,2026-06-08 11:44:17.040036+05:30,2026-06-08 12:51:43.600668+05:30,True,0,KRISHNA_ASHTAMI,23,KRISHNA,JAYA,MARS,PURVA_BHADRAPADA,25,ROHINI,4,1,LEO,5,23.27574809366604,53.26105669380173,321.3798353047965,TAURUS,2,AQUARIUS,11,CANCER,ARIES,PISCES,11,False,2,False,True,Setting,23206.1,23267.3,23193.8,23248.3,61.20000000000073,12.299999999999272,73.5,14,0.1818487380473269,Bullish,Neutral,42.20000000000073
2026-06-08,8,MOON,2026-06-08 12:51:43.600668+05:30,2026-06-08 13:59:10.161300+05:30,True,0,KRISHNA_ASHTAMI,23,KRISHNA,JAYA,MARS,PURVA_BHADRAPADA,25,ROHINI,4,1,VIRGO,6,8.842995120197429,53.30586375400965,321.98454210074493,TAURUS,2,AQUARIUS,11,CANCER,ARIES,PISCES,11,False,2,False,True,Setting,23250.55,23256.25,23150.4,23172.45,5.700000000000728,100.14999999999782,105.84999999999854,13,-0.3359060323304118,Bearish,Bear,78.09999999999854
2026-06-08,9,SATURN,2026-06-08 13:59:10.161300+05:30,2026-06-08 15:06:36.721932+05:30,True,0,KRISHNA_ASHTAMI,23,KRISHNA,JAYA,MARS,PURVA_BHADRAPADA,25,MRIGASHIRA,5,1,VIRGO,6,24.368841424716607,53.350670475025794,322.59009017181154,TAURUS,2,AQUARIUS,11,LEO,ARIES,PISCES,11,False,2,False,True,Setting,23173.45,23196.7,23107.05,23131.95,23.25,66.40000000000146,89.65000000000146,14,-0.17908425374728407,Bearish,Neutral,41.5
2026-06-08,10,JUPITER,2026-06-08 15:06:36.721932+05:30,2026-06-08 16:14:03.282564+05:30,True,0,KRISHNA_ASHTAMI,23,KRISHNA,JAYA,MARS,PURVA_BHADRAPADA,25,MRIGASHIRA,5,1,LIBRA,7,9.672728222907892,53.39547685755312,323.1964867685788,TAURUS,2,AQUARIUS,11,LEO,ARIES,PISCES,11,False,2,False,True,Setting,23133.25,23137.2,23089.9,23103.7,3.9500000000007276,43.349999999998545,47.29999999999927,4,-0.1277382123134418,Bearish,Neutral,29.549999999999272
2026-06-09,4,MERCURY,2026-06-09 08:22:03.425292+05:30,2026-06-09 09:29:31.760363+05:30,True,1,KRISHNA_NAVAMI,24,KRISHNA,RIKTA,SATURN,PURVA_BHADRAPADA,25,MRIGASHIRA,5,4,CANCER,4,8.754690128533056,54.083345973430944,332.61803085073353,TAURUS,2,PISCES,12,LEO,CANCER,PISCES,11,False,1,True,True,Peak,23259.05,23259.45,23194.9,23225.05,0.4000000000014552,64.14999999999782,64.54999999999927,3,-0.14617965910043618,Bearish,Neutral,34.0
2026-06-09,5,MOON,2026-06-09 09:29:31.760363+05:30,2026-06-09 10:37:00.095434+05:30,True,1,KRISHNA_NAVAMI,24,KRISHNA,RIKTA,SATURN,PURVA_BHADRAPADA,25,MRIGASHIRA,5,4,CANCER,4,23.644723959845123,54.12816661560644,333.2395433164547,TAURUS,2,PISCES,12,LEO,CANCER,PISCES,11,False,1,True,True,Peak,23224.9,23252.05,23147.7,23151.6,27.149999999997817,77.20000000000073,104.34999999999854,14,-0.3156095397612171,Bearish,Bear,73.30000000000291
2026-06-09,6,SATURN,2026-06-09 10:37:00.095434+05:30,2026-06-09 11:44:28.430505+05:30,True,1,KRISHNA_NAVAMI,24,KRISHNA,RIKTA,SATURN,UTTARA_BHADRAPADA,26,MRIGASHIRA,5,1,LEO,5,8.79578966257668,54.17298693679415,333.8620188410706,TAURUS,2,PISCES,12,LEO,LEO,PISCES,11,False,1,True,True,Peak,23151.65,23168.05,23104.45,23150.85,16.399999999997817,47.20000000000073,63.599999999998545,13,-0.003455477255413374,Bearish,Neutral,0.8000000000029104
2026-06-09,7,JUPITER,2026-06-09 11:44:28.430505+05:30,2026-06-09 12:51:56.765576+05:30,True,1,KRISHNA_NAVAMI,24,KRISHNA,RIKTA,SATURN,UTTARA_BHADRAPADA,26,MRIGASHIRA,5,1,LEO,5,24.22432931152187,54.21780693694123,334.48546307139907,TAURUS,2,PISCES,12,LEO,LEO,PISCES,11,False,1,True,True,Peak,23150.6,23226.65,23145.45,23199.25,76.05000000000291,5.149999999997817,81.20000000000073,14,0.21014574136308112,Bullish,Bull,48.650000000001455
2026-06-09,8,MARS,2026-06-09 12:51:56.765576+05:30,2026-06-09 13:59:25.100647+05:30,True,1,KRISHNA_NAVAMI,24,KRISHNA,RIKTA,SATURN,UTTARA_BHADRAPADA,26,MRIGASHIRA,5,1,VIRGO,6,9.80197082145466,54.26262661770817,335.1098815586058,TAURUS,2,PISCES,12,LEO,LEO,PISCES,11,False,1,True,True,Peak,23197.45,23223.2,23175.3,23189.65,25.75,22.150000000001455,47.900000000001455,13,-0.03362438543891364,Bearish,Neutral,7.799999999999272
2026-06-09,9,SUN,2026-06-09 13:59:25.100647+05:30,2026-06-09 15:06:53.435718+05:30,True,1,KRISHNA_NAVAMI,24,KRISHNA,RIKTA,SATURN,UTTARA_BHADRAPADA,26,MRIGASHIRA,5,1,VIRGO,6,25.325368324919822,54.30744597949581,335.7352797110275,TAURUS,2,PISCES,12,LEO,LEO,PISCES,11,False,1,True,True,Peak,23188.7,23279.4,23178.45,23263.7,90.70000000000073,10.25,100.95000000000073,14,0.32343339643878266,Bullish,Bull,75.0
2026-06-09,10,VENUS,2026-06-09 15:06:53.435718+05:30,2026-06-09 16:14:21.770789+05:30,True,1,KRISHNA_NAVAMI,24,KRISHNA,RIKTA,SATURN,UTTARA_BHADRAPADA,26,MRIGASHIRA,5,1,LIBRA,7,10.61837836166481,54.35226502260131,336.36166280905104,TAURUS,2,PISCES,12,LEO,LEO,PISCES,11,False,1,True,True,Peak,23262.5,23265.65,23225.05,23257.75,3.150000000001455,37.45000000000073,40.60000000000218,4,-0.02041912950026867,Bearish,Neutral,4.75
2026-06-10,4,JUPITER,2026-06-10 08:22:10.142914+05:30,2026-06-10 09:29:40.115980+05:30,True,2,KRISHNA_DASHAMI,25,KRISHNA,POORNA,JUPITER,UTTARA_BHADRAPADA,26,MRIGASHIRA,5,4,CANCER,4,9.642242206895531,55.039918545432364,346.09959779320894,TAURUS,2,PISCES,12,LEO,SCORPIO,PISCES,11,False,1,True,True,Peak,23233.95,23350.2,23217.3,23339.75,116.25,16.650000000001455,132.90000000000146,3,0.4553681143326867,Bullish,Bull,105.79999999999927
2026-06-10,5,MARS,2026-06-10 09:29:40.115980+05:30,2026-06-10 10:37:10.089046+05:30,True,2,KRISHNA_DASHAMI,25,KRISHNA,POORNA,JUPITER,REVATI,27,MRIGASHIRA,5,1,CANCER,4,24.550488758319204,55.08475061249533,346.7429616721386,TAURUS,2,PISCES,12,LEO,SAGITTARIUS,PISCES,11,False,1,True,True,Peak,23339.45,23384.45,23305.8,23333.25,45.0,33.650000000001455,78.65000000000146,14,-0.026564464886707818,Bearish,Neutral,6.200000000000728
2026-06-10,6,SUN,2026-06-10 10:37:10.089046+05:30,2026-06-10 11:44:40.062112+05:30,True,2,KRISHNA_DASHAMI,25,KRISHNA,POORNA,JUPITER,REVATI,27,MRIGASHIRA,5,1,LEO,5,9.725674159353844,55.12958237130345,347.3873787900316,TAURUS,2,PISCES,12,LEO,SAGITTARIUS,PISCES,11,False,1,True,True,Peak,23333.55,23409.8,23329.55,23406.0,76.25,4.0,80.25,13,0.31049711681248987,Bullish,Bull,72.45000000000073
2026-06-10,7,VENUS,2026-06-10 11:44:40.062112+05:30,2026-06-10 12:52:10.035178+05:30,True,2,KRISHNA_DASHAMI,25,KRISHNA,POORNA,JUPITER,REVATI,27,MRIGASHIRA,5,1,LEO,5,25.17441759128303,55.17441382224951,348.0328514092027,TAURUS,2,PISCES,12,LEO,SAGITTARIUS,PISCES,11,False,1,True,True,Peak,23405.95,23406.3,23333.2,23380.35,0.3499999999985448,72.75,73.09999999999854,14,-0.10937389851726668,Bearish,Neutral,25.600000000002183
2026-06-10,8,MERCURY,2026-06-10 12:52:10.035178+05:30,2026-06-10 13:59:40.008244+05:30,True,2,KRISHNA_DASHAMI,25,KRISHNA,POORNA,JUPITER,REVATI,27,MRIGASHIRA,5,1,VIRGO,6,10.76113503145794,55.21924496629526,348.6793815953059,TAURUS,2,PISCES,12,LEO,SAGITTARIUS,PISCES,11,False,1,True,True,Peak,23380.7,23425.35,23347.05,23352.95,44.64999999999782,33.650000000001455,78.29999999999927,13,-0.11868763552844869,Bearish,Neutral,27.75
2026-06-10,9,MOON,2026-06-10 13:59:40.008244+05:30,2026-06-10 15:07:09.981310+05:30,True,2,KRISHNA_DASHAMI,25,KRISHNA,POORNA,JUPITER,REVATI,27,MRIGASHIRA,5,1,VIRGO,6,26.280850308129885,55.264075802511655,349.32697118763446,TAURUS,2,PISCES,12,LEO,SAGITTARIUS,PISCES,11,False,1,True,True,Peak,23352.4,23364.75,23222.7,23235.35,12.349999999998545,129.70000000000073,142.04999999999927,14,-0.5012332779500304,Bearish,Strong Bear,117.05000000000291
2026-06-10,10,SATURN,2026-06-10 15:07:09.981310+05:30,2026-06-10 16:14:39.954376+05:30,True,2,KRISHNA_DASHAMI,25,KRISHNA,POORNA,JUPITER,REVATI,27,MRIGASHIRA,5,1,LIBRA,7,11.562218942374955,55.30890633202666,349.97562183394535,TAURUS,2,PISCES,12,LEO,SAGITTARIUS,PISCES,11,False,1,True,True,Peak,23235.05,23236.35,23184.6,23216.1,1.2999999999992724,50.45000000000073,51.75,4,-0.08155781889860675,Bearish,Neutral,18.950000000000728
2026-06-11,4,VENUS,2026-06-11 08:22:17.493454+05:30,2026-06-11 09:29:48.966912+05:30,True,3,KRISHNA_EKADASHI,26,KRISHNA,NANDA,VENUS,ASHWINI,1,MRIGASHIRA,5,1,CANCER,4,10.532491521112547,55.996357238559575,0.05620816322486301,TAURUS,2,ARIES,1,LEO,ARIES,PISCES,11,False,12,False,True,Rising,23104.4,23148.05,23072.05,23119.35,43.64999999999782,32.35000000000218,76.0,3,0.06470628971103812,Bullish,Neutral,14.94999999999709
2026-06-11,5,MERCURY,2026-06-11 09:29:48.966912+05:30,2026-06-11 10:37:20.440370+05:30,True,3,KRISHNA_EKADASHI,26,KRISHNA,NANDA,VENUS,ASHWINI,1,MRIGASHIRA,5,1,CANCER,4,25.459114412282446,56.04119938819933,0.7224726548457266,TAURUS,2,ARIES,1,LEO,ARIES,PISCES,11,False,12,False,True,Rising,23121.9,23207.8,23093.15,23204.35,85.89999999999782,28.75,114.64999999999782,14,0.35658834265348904,Bullish,Bull,82.44999999999709
2026-06-11,6,MOON,2026-06-11 10:37:20.440370+05:30,2026-06-11 11:44:51.913828+05:30,True,3,KRISHNA_EKADASHI,26,KRISHNA,NANDA,VENUS,ASHWINI,1,MRIGASHIRA,5,1,LEO,5,10.657966381983357,56.0860412321693,1.3897901352571709,TAURUS,2,ARIES,1,LEO,ARIES,PISCES,11,False,12,False,True,Rising,23207.45,23251.85,23162.5,23251.85,44.39999999999782,44.95000000000073,89.34999999999854,13,0.19131787421710622,Bullish,Neutral,44.39999999999782
2026-06-11,7,SATURN,2026-06-11 11:44:51.913828+05:30,2026-06-11 12:52:23.387286+05:30,True,3,KRISHNA_EKADASHI,26,KRISHNA,NANDA,VENUS,ASHWINI,1,MRIGASHIRA,5,1,LEO,5,26.12588860551344,56.13088277135664,2.058157751575422,TAURUS,2,ARIES,1,LEO,ARIES,PISCES,11,False,12,False,True,Rising,23253.7,23324.25,23251.05,23280.6,70.54999999999927,2.650000000001455,73.20000000000073,14,0.11568051535883672,Bullish,Neutral,26.899999999997817
2026-06-11,8,JUPITER,2026-06-11 12:52:23.387286+05:30,2026-06-11 13:59:54.860744+05:30,True,3,KRISHNA_EKADASHI,26,KRISHNA,NANDA,VENUS,ASHWINI,1,MRIGASHIRA,5,1,VIRGO,6,11.720350292604365,56.17572400452522,2.7275723476429445,TAURUS,2,ARIES,1,LEO,ARIES,PISCES,11,False,12,False,True,Rising,23282.2,23327.45,23213.45,23231.3,45.25,68.75,114.0,13,-0.218621951533796,Bearish,Bear,50.900000000001455
2026-06-11,9,MARS,2026-06-11 13:59:54.860744+05:30,2026-06-11 15:07:26.334202+05:30,True,3,KRISHNA_EKADASHI,26,KRISHNA,NANDA,VENUS,ASHWINI,1,MRIGASHIRA,5,2,VIRGO,6,27.235165962850857,56.220564932313174,3.398030514601313,TAURUS,2,ARIES,1,LEO,TAURUS,PISCES,11,False,12,False,True,Rising,23233.0,23252.05,23131.95,23143.3,19.049999999999272,101.04999999999927,120.09999999999854,14,-0.3860887530667616,Bearish,Bear,89.70000000000073
2026-06-11,10,SUN,2026-06-11 15:07:26.334202+05:30,2026-06-11 16:14:57.807660+05:30,True,3,KRISHNA_EKADASHI,26,KRISHNA,NANDA,VENUS,ASHWINI,1,MRIGASHIRA,5,2,LIBRA,7,12.504164719539915,56.265405554413135,4.0695285415666635,TAURUS,2,ARIES,1,LEO,TAURUS,PISCES,11,False,12,False,True,Rising,23143.85,23194.9,23137.9,23186.55,51.05000000000291,5.94999999999709,57.0,4,0.1844982576364811,Bullish,Neutral,42.70000000000073
2026-06-12,4,SATURN,2026-06-12 08:22:25.458681+05:30,2026-06-12 09:29:58.293866+05:30,True,4,KRISHNA_DVADASHI,27,KRISHNA,BHADRA,MERCURY,BHARANI,2,MRIGASHIRA,5,1,CANCER,4,11.425428356658728,56.95266351680795,14.488422973983067,TAURUS,2,ARIES,1,VIRGO,LEO,PISCES,11,False,12,False,True,Rising,23412.55,23455.95,23400.55,23401.2,43.400000000001455,12.0,55.400000000001455,3,-0.04847827340464215,Bearish,Neutral,11.349999999998545
2026-06-12,5,JUPITER,2026-06-12 09:29:58.293866+05:30,2026-06-12 10:37:31.129051+05:30,True,4,KRISHNA_DVADASHI,27,KRISHNA,BHADRA,MERCURY,BHARANI,2,MRIGASHIRA,5,1,CANCER,4,26.370552846807584,56.9975141647088,15.176354777816442,TAURUS,2,ARIES,1,VIRGO,LEO,PISCES,11,False,12,False,True,Rising,23402.85,23410.65,23322.65,23354.25,7.80000000000291,80.19999999999709,88.0,14,-0.20766701491484388,Bearish,Bear,48.599999999998545
2026-06-12,6,MARS,2026-06-12 10:37:31.129051+05:30,2026-06-12 11:45:03.964236+05:30,True,4,KRISHNA_DVADASHI,27,KRISHNA,BHADRA,MERCURY,BHARANI,2,MRIGASHIRA,5,1,LEO,5,11.592574506181364,57.04236449936234,15.865216240256458,TAURUS,2,ARIES,1,VIRGO,LEO,PISCES,11,False,12,False,True,Rising,23355.55,23388.65,23329.95,23385.45,33.10000000000218,25.599999999998545,58.70000000000073,14,0.128020962897476,Bullish,Neutral,29.900000000001455
2026-06-12,7,SUN,2026-06-12 11:45:03.964236+05:30,2026-06-12 12:52:36.799421+05:30,True,4,KRISHNA_DVADASHI,27,KRISHNA,BHADRA,MERCURY,BHARANI,2,MRIGASHIRA,5,1,LEO,5,27.07861517393883,57.087214520027665,16.55499819139341,TAURUS,2,ARIES,1,VIRGO,LEO,PISCES,11,False,12,False,True,Rising,23386.7,23389.3,23313.9,23327.55,2.599999999998545,72.79999999999927,75.39999999999782,13,-0.2529215323239339,Bearish,Bear,59.150000000001455
2026-06-12,8,VENUS,2026-06-12 12:52:36.799421+05:30,2026-06-12 14:00:09.634606+05:30,True,4,KRISHNA_DVADASHI,27,KRISHNA,BHADRA,MERCURY,BHARANI,2,MRIGASHIRA,5,2,VIRGO,6,12.679479068842227,57.13206422543258,17.245691157985963,TAURUS,2,ARIES,1,VIRGO,VIRGO,PISCES,11,False,12,False,True,Rising,23328.1,23519.35,23319.75,23519.2,191.25,8.349999999998545,199.59999999999854,14,0.8191837312082947,Bullish,Strong Bull,191.10000000000218
2026-06-12,9,MERCURY,2026-06-12 14:00:09.634606+05:30,2026-06-12 15:07:42.469791+05:30,True,4,KRISHNA_DVADASHI,27,KRISHNA,BHADRA,MERCURY,BHARANI,2,MRIGASHIRA,5,2,VIRGO,6,28.188196351214373,57.17691361580136,17.937285384714148,TAURUS,2,ARIES,1,VIRGO,VIRGO,PISCES,11,False,12,False,True,Rising,23520.25,23645.35,23496.55,23620.05,125.09999999999854,23.700000000000728,148.79999999999927,13,0.4243152177379036,Bullish,Bull,99.79999999999927
2026-06-12,10,MOON,2026-06-12 15:07:42.469791+05:30,2026-06-12 16:15:15.304976+05:30,True,4,KRISHNA_DVADASHI,27,KRISHNA,BHADRA,MERCURY,BHARANI,2,MRIGASHIRA,5,2,LIBRA,7,13.44413337934995,57.22176268951524,18.62977078708575,TAURUS,2,ARIES,1,VIRGO,VIRGO,PISCES,11,False,12,False,True,Rising,23621.2,23639.35,23607.4,23631.75,18.149999999997817,13.799999999999272,31.94999999999709,4,0.04466326858923032,Bullish,Neutral,10.549999999999272
2026-06-15,4,MARS,2026-06-15 08:22:52.850355+05:30,2026-06-15 09:30:28.929566+05:30,True,0,AMAVASYA,30,KRISHNA,POORNA,JUPITER,MRIGASHIRA,5,MRIGASHIRA,5,2,CANCER,4,14.120217915045131,59.8207279757287,59.807624275825084,TAURUS,2,TAURUS,2,VIRGO,VIRGO,PISCES,11,False,11,False,False,,23984.85,24011.4,23927.35,23946.7,26.55000000000291,57.5,84.05000000000291,4,-0.15905873916242053,Bearish,Neutral,38.14999999999782
2026-06-15,5,SUN,2026-06-15 09:30:28.929566+05:30,2026-06-15 10:38:05.008777+05:30,True,0,SHUKLA_PRATIPADA,1,SHUKLA,NANDA,VENUS,MRIGASHIRA,5,MRIGASHIRA,5,3,CANCER,4,29.12120614600417,59.86559228266906,60.526375056263255,TAURUS,2,GEMINI,3,VIRGO,LIBRA,PISCES,11,False,10,True,False,,23948.65,23980.45,23931.85,23973.6,31.799999999999272,16.80000000000291,48.60000000000218,13,0.10418123777330701,Bullish,Neutral,24.94999999999709
2026-06-15,6,VENUS,2026-06-15 10:38:05.008777+05:30,2026-06-15 11:45:41.087988+05:30,True,0,SHUKLA_PRATIPADA,1,SHUKLA,NANDA,VENUS,MRIGASHIRA,5,MRIGASHIRA,5,3,LEO,5,14.409317813590974,59.91045619615838,61.24500342672472,TAURUS,2,GEMINI,3,VIRGO,LIBRA,PISCES,11,False,10,True,False,,23974.7,24009.1,23950.0,23961.25,34.39999999999782,24.700000000000728,59.099999999998545,14,-0.056100806266609085,Bearish,Neutral,13.450000000000728
2026-06-15,7,MERCURY,2026-06-15 11:45:41.087988+05:30,2026-06-15 12:53:17.167199+05:30,True,0,SHUKLA_PRATIPADA,1,SHUKLA,NANDA,VENUS,MRIGASHIRA,5,MRIGASHIRA,5,3,LEO,5,29.943023886130646,59.95531971510303,61.9634895599627,TAURUS,2,GEMINI,3,VIRGO,LIBRA,PISCES,11,False,10,True,False,,23961.25,23970.55,23892.35,23903.4,9.299999999999272,68.90000000000146,78.20000000000073,13,-0.24143147790703134,Bearish,Bear,57.849999999998545
2026-06-15,8,MOON,2026-06-15 12:53:17.167199+05:30,2026-06-15 14:00:53.246410+05:30,True,0,SHUKLA_PRATIPADA,1,SHUKLA,NANDA,VENUS,MRIGASHIRA,5,MRIGASHIRA,5,3,VIRGO,6,15.554972057790508,60.00018283659611,62.68181366758906,GEMINI,3,GEMINI,3,LIBRA,LIBRA,PISCES,10,True,10,True,False,,23903.7,23935.0,23865.85,23895.75,31.299999999999272,37.85000000000218,69.15000000000146,14,-0.033258449528737084,Bearish,Neutral,7.950000000000728
2026-06-15,9,SATURN,2026-06-15 14:00:53.246410+05:30,2026-06-15 15:08:29.325621+05:30,True,0,SHUKLA_PRATIPADA,1,SHUKLA,NANDA,VENUS,MRIGASHIRA,5,MRIGASHIRA,5,4,LIBRA,7,1.0384165387151825,60.045045560916854,63.39995608665672,GEMINI,3,GEMINI,3,LIBRA,SCORPIO,PISCES,10,True,10,True,False,,23896.7,23942.6,23844.45,23847.4,45.89999999999782,52.25,98.14999999999782,13,-0.20630463620499598,Bearish,Bear,49.29999999999927
2026-06-15,10,JUPITER,2026-06-15 15:08:29.325621+05:30,2026-06-15 16:16:05.404832+05:30,True,0,SHUKLA_PRATIPADA,1,SHUKLA,NANDA,VENUS,MRIGASHIRA,5,MRIGASHIRA,5,4,LIBRA,7,16.251400022210902,60.089907885521605,64.11789719535554,GEMINI,3,GEMINI,3,LIBRA,SCORPIO,PISCES,10,True,10,True,False,,23848.7,23867.85,23817.8,23856.55,19.149999999997817,30.900000000001455,50.04999999999927,4,0.03291584027640309,Bullish,Neutral,7.849999999998545
2026-06-16,4,MERCURY,2026-06-16 08:23:03.079167+05:30,2026-06-16 09:30:39.956791+05:30,True,1,SHUKLA_DVITIYA,2,SHUKLA,BHADRA,MERCURY,ARDRA,6,MRIGASHIRA,5,3,CANCER,4,15.023744854038029,60.77642459111237,75.06633331305561,GEMINI,3,GEMINI,3,LIBRA,AQUARIUS,PISCES,10,True,10,True,False,,23923.9,23954.75,23888.2,23943.05,30.849999999998545,35.70000000000073,66.54999999999927,4,0.08004547753500815,Bullish,Neutral,19.149999999997817
2026-06-16,5,MOON,2026-06-16 09:30:39.956791+05:30,2026-06-16 10:38:16.834415+05:30,True,1,SHUKLA_DVITIYA,2,SHUKLA,BHADRA,MERCURY,ARDRA,6,MRIGASHIRA,5,3,LEO,5,0.0433399988527583,60.82128901405962,75.77847075677356,GEMINI,3,GEMINI,3,LIBRA,AQUARIUS,PISCES,10,True,10,True,False,,23943.5,23972.75,23895.65,23964.2,29.25,47.849999999998545,77.09999999999854,13,0.08645352600914957,Bullish,Neutral,20.700000000000728
2026-06-16,6,SATURN,2026-06-16 10:38:16.834415+05:30,2026-06-16 11:45:53.712039+05:30,True,1,SHUKLA_DVITIYA,2,SHUKLA,BHADRA,MERCURY,ARDRA,6,MRIGASHIRA,5,3,LEO,5,15.352198206054112,60.86615301102474,76.49008841823897,GEMINI,3,GEMINI,3,LIBRA,AQUARIUS,PISCES,10,True,10,True,False,,23964.3,23977.8,23911.45,23933.4,13.5,52.849999999998545,66.34999999999854,14,-0.1289418009288726,Bearish,Neutral,30.899999999997817
2026-06-16,7,JUPITER,2026-06-16 11:45:53.712039+05:30,2026-06-16 12:53:30.589663+05:30,True,1,SHUKLA_DVITIYA,2,SHUKLA,BHADRA,MERCURY,ARDRA,6,MRIGASHIRA,5,4,VIRGO,6,0.8994616338323169,60.91101658010455,77.20116952287266,GEMINI,3,GEMINI,3,LIBRA,PISCES,PISCES,10,True,10,True,False,,23932.7,23949.75,23903.35,23924.95,17.049999999999272,29.350000000002183,46.400000000001455,13,-0.03238247251668219,Bearish,Neutral,7.75
2026-06-16,8,MARS,2026-06-16 12:53:30.589663+05:30,2026-06-16 14:01:07.467287+05:30,True,1,SHUKLA_DVITIYA,2,SHUKLA,BHADRA,MERCURY,ARDRA,6,MRIGASHIRA,5,4,VIRGO,6,16.512386581026334,60.95587972168739,77.91169753538196,GEMINI,3,GEMINI,3,LIBRA,PISCES,PISCES,10,True,10,True,False,,23924.8,23978.65,23917.4,23973.7,53.85000000000218,7.399999999997817,61.25,14,0.2043904233264289,Bullish,Bull,48.900000000001455
2026-06-16,9,SUN,2026-06-16 14:01:07.467287+05:30,2026-06-16 15:08:44.344911+05:30,True,1,SHUKLA_DVITIYA,2,SHUKLA,BHADRA,MERCURY,ARDRA,6,MRIGASHIRA,5,4,LIBRA,7,1.9851629049676944,61.00074243264328,78.621656101958,GEMINI,3,GEMINI,3,LIBRA,PISCES,PISCES,10,True,10,True,False,,23974.35,24002.6,23962.7,23989.55,28.25,11.649999999997817,39.89999999999782,13,0.06340109325174918,Bullish,Neutral,15.200000000000728
2026-06-16,10,VENUS,2026-06-16 15:08:44.344911+05:30,2026-06-16 16:16:21.222535+05:30,True,1,SHUKLA_DVITIYA,2,SHUKLA,BHADRA,MERCURY,ARDRA,6,MRIGASHIRA,5,4,LIBRA,7,17.182704021405044,61.045604711856065,79.33102911887812,GEMINI,3,GEMINI,3,LIBRA,PISCES,PISCES,10,True,10,True,False,,23989.9,23997.4,23980.1,23995.0,7.5,9.80000000000291,17.30000000000291,4,0.02125894647330145,Bullish,Neutral,5.099999999998545
2026-06-17,4,JUPITER,2026-06-17 08:23:13.822152+05:30,2026-06-17 09:30:51.355712+05:30,True,2,SHUKLA_TRITIYA,3,SHUKLA,JAYA,MARS,PUNARVASU,7,MRIGASHIRA,5,4,CANCER,4,15.929863904224078,61.731934572225924,90.10052467880108,GEMINI,3,CANCER,4,LIBRA,CANCER,PISCES,10,True,9,False,False,,24044.5,24048.05,23969.7,24032.1,3.5499999999992724,74.79999999999927,78.34999999999854,4,-0.051571045353413274,Bearish,Neutral,12.400000000001455
2026-06-17,5,MARS,2026-06-17 09:30:51.355712+05:30,2026-06-17 10:38:28.889272+05:30,True,2,SHUKLA_TRITIYA,3,SHUKLA,JAYA,MARS,PUNARVASU,7,MRIGASHIRA,5,4,LEO,5,0.9679905728772695,61.776796893892836,90.79841113855366,GEMINI,3,CANCER,4,LIBRA,CANCER,PISCES,10,True,9,False,False,,24033.15,24087.95,24026.6,24078.75,54.79999999999927,6.55000000000291,61.35000000000218,13,0.18973792449178964,Bullish,Neutral,45.599999999998545
2026-06-17,6,SUN,2026-06-17 10:38:28.889272+05:30,2026-06-17 11:46:06.422832+05:30,True,2,SHUKLA_TRITIYA,3,SHUKLA,JAYA,MARS,PUNARVASU,7,MRIGASHIRA,5,4,LEO,5,16.296883094844134,61.82165876277851,91.49547378096327,GEMINI,3,CANCER,4,LIBRA,CANCER,PISCES,10,True,9,False,False,,24080.15,24108.2,24062.05,24074.3,28.049999999999272,18.100000000002183,46.150000000001455,14,-0.024293868601325916,Bearish,Neutral,5.850000000002183
2026-06-17,7,VENUS,2026-06-17 11:46:06.422832+05:30,2026-06-17 12:53:43.956392+05:30,True,2,SHUKLA_TRITIYA,3,SHUKLA,JAYA,MARS,PUNARVASU,7,MRIGASHIRA,5,4,VIRGO,6,1.8564926671738817,61.86652017867369,92.19170138880237,GEMINI,3,CANCER,4,LIBRA,CANCER,PISCES,10,True,9,False,False,,24075.2,24076.9,24028.6,24028.6,1.7000000000007276,46.60000000000218,48.30000000000291,13,-0.19356017810860213,Bearish,Neutral,46.60000000000218
2026-06-17,8,MERCURY,2026-06-17 12:53:43.956392+05:30,2026-06-17 14:01:21.489952+05:30,True,2,SHUKLA_TRITIYA,3,SHUKLA,JAYA,MARS,PUNARVASU,7,MRIGASHIRA,5,4,VIRGO,6,17.469035627653938,61.91138113962113,92.88708301633221,GEMINI,3,CANCER,4,LIBRA,CANCER,PISCES,10,True,9,False,False,,24030.05,24061.85,24005.85,24049.2,31.799999999999272,24.200000000000728,56.0,14,0.07969188578467984,Bullish,Neutral,19.150000000001455
2026-06-17,9,MOON,2026-06-17 14:01:21.489952+05:30,2026-06-17 15:08:59.023512+05:30,True,2,SHUKLA_TRITIYA,3,SHUKLA,JAYA,MARS,PUSHYA,8,MRIGASHIRA,5,1,LIBRA,7,2.9300680180646737,61.95624164476096,93.58160803233001,GEMINI,3,CANCER,4,LIBRA,LEO,PISCES,10,True,9,False,False,,24049.9,24098.75,24015.8,24091.35,48.849999999998545,34.10000000000218,82.95000000000073,13,0.17234998898123105,Bullish,Neutral,41.44999999999709
2026-06-17,10,SATURN,2026-06-17 15:08:59.023512+05:30,2026-06-17 16:16:36.557072+05:30,True,2,SHUKLA_TRITIYA,3,SHUKLA,JAYA,MARS,PUSHYA,8,MRIGASHIRA,5,1,LIBRA,7,18.111672493418013,62.00110169404006,94.27526610012845,GEMINI,3,CANCER,4,LIBRA,LEO,PISCES,10,True,9,False,False,,24091.1,24092.95,24073.1,24081.95,1.8500000000021828,18.0,19.850000000002183,4,-0.0379808310952917,Bearish,Neutral,9.149999999997817
2026-06-18,4,VENUS,2026-06-18 08:23:25.057563+05:30,2026-06-18 09:31:03.104136+05:30,True,3,SHUKLA_CHATURTHI,4,SHUKLA,RIKTA,SATURN,PUSHYA,8,MRIGASHIRA,5,4,CANCER,4,16.838543983456148,62.68724559432409,104.77128673480567,GEMINI,3,CANCER,4,LIBRA,SCORPIO,PISCES,10,True,9,False,False,,24073.8,24133.35,24058.85,24085.1,59.54999999999927,14.950000000000728,74.5,4,0.04693899592087362,Bullish,Neutral,11.299999999999272
2026-06-18,5,MERCURY,2026-06-18 09:31:03.104136+05:30,2026-06-18 10:38:41.150709+05:30,True,3,SHUKLA_CHATURTHI,4,SHUKLA,RIKTA,SATURN,PUSHYA,8,MRIGASHIRA,5,4,LEO,5,1.895086312764505,62.73210375739248,105.44969920306993,GEMINI,3,CANCER,4,LIBRA,SCORPIO,PISCES,10,True,9,False,False,,24088.05,24139.65,24066.85,24078.75,51.60000000000218,21.200000000000728,72.80000000000291,13,-0.038608355595406325,Bearish,Neutral,9.299999999999272
2026-06-18,6,MOON,2026-06-18 10:38:41.150709+05:30,2026-06-18 11:46:19.197282+05:30,True,3,SHUKLA_CHATURTHI,4,SHUKLA,RIKTA,SATURN,PUSHYA,8,MRIGASHIRA,5,4,LEO,5,17.243259710750465,62.776961450333424,106.127112370833,GEMINI,3,CANCER,4,LIBRA,SCORPIO,PISCES,10,True,9,False,False,,24079.95,24093.9,24036.95,24063.75,13.950000000000728,43.0,56.95000000000073,14,-0.06727588720076548,Bearish,Neutral,16.200000000000728
2026-06-18,7,SATURN,2026-06-18 11:46:19.197282+05:30,2026-06-18 12:53:57.243855+05:30,True,3,SHUKLA_CHATURTHI,4,SHUKLA,RIKTA,SATURN,ASHLESHA,9,MRIGASHIRA,5,1,VIRGO,6,2.8139792316453054,62.82181867300775,106.80352127474984,GEMINI,3,CANCER,4,LIBRA,SAGITTARIUS,PISCES,10,True,9,False,False,,24062.7,24133.75,24050.05,24126.7,71.04999999999927,12.650000000001455,83.70000000000073,13,0.2659718152991975,Bullish,Bull,64.0
2026-06-18,8,JUPITER,2026-06-18 12:53:57.243855+05:30,2026-06-18 14:01:35.290428+05:30,True,3,SHUKLA_CHATURTHI,4,SHUKLA,RIKTA,SATURN,ASHLESHA,9,MRIGASHIRA,5,1,VIRGO,6,18.424786416699618,62.866675425539874,107.47892123427566,GEMINI,3,CANCER,4,LIBRA,SAGITTARIUS,PISCES,10,True,9,False,False,,24127.3,24136.3,24100.65,24106.45,9.0,26.649999999997817,35.64999999999782,14,-0.08641663178224893,Bearish,Neutral,20.849999999998545
2026-06-18,9,MARS,2026-06-18 14:01:35.290428+05:30,2026-06-18 15:09:13.337001+05:30,True,3,SHUKLA_CHATURTHI,4,SHUKLA,RIKTA,SATURN,ASHLESHA,9,MRIGASHIRA,5,1,LIBRA,7,3.873029036083608,62.91153170619021,108.15330782924701,GEMINI,3,CANCER,4,LIBRA,SAGITTARIUS,PISCES,10,True,9,False,False,,24107.15,24177.3,24074.7,24175.55,70.14999999999782,32.45000000000073,102.59999999999854,13,0.2837332492642134,Bullish,Bull,68.39999999999782
2026-06-18,10,SUN,2026-06-18 15:09:13.337001+05:30,2026-06-18 16:16:51.383574+05:30,True,3,SHUKLA_CHATURTHI,4,SHUKLA,RIKTA,SATURN,ASHLESHA,9,MRIGASHIRA,5,1,LIBRA,7,19.03824364647201,62.95638751530623,108.82667693795543,GEMINI,3,CANCER,4,LIBRA,SAGITTARIUS,PISCES,10,True,9,False,False,,24176.2,24189.25,24158.05,24179.4,13.049999999999272,18.150000000001455,31.200000000000728,4,0.013236157874276056,Bullish,Neutral,3.2000000000007276
2026-06-19,4,SATURN,2026-06-19 08:23:36.763186+05:30,2026-06-19 09:31:15.179512+05:30,True,4,SHUKLA_PANCHAMI,5,SHUKLA,POORNA,JUPITER,ASHLESHA,9,MRIGASHIRA,5,4,CANCER,4,17.749749693237362,63.642349521789335,118.99626697751276,GEMINI,3,CANCER,4,SCORPIO,PISCES,PISCES,10,True,9,False,False,,23991.2,23998.8,23938.75,23950.05,7.599999999998545,52.45000000000073,60.04999999999927,4,-0.17152122444897067,Bearish,Neutral,41.150000000001455
2026-06-19,5,JUPITER,2026-06-19 09:31:15.179512+05:30,2026-06-19 10:38:53.595838+05:30,True,4,SHUKLA_PANCHAMI,5,SHUKLA,POORNA,JUPITER,ASHLESHA,9,MRIGASHIRA,5,4,LEO,5,2.824550027922328,63.687201691350516,119.65276363216574,GEMINI,3,CANCER,4,SCORPIO,PISCES,PISCES,10,True,9,False,False,,23950.0,24011.5,23946.1,23968.9,61.5,3.900000000001455,65.40000000000146,13,0.07891440501044449,Bullish,Neutral,18.900000000001455
2026-06-19,6,MARS,2026-06-19 10:38:53.595838+05:30,2026-06-19 11:46:32.012164+05:30,True,4,SHUKLA_PANCHAMI,5,SHUKLA,POORNA,JUPITER,MAGHA,10,MRIGASHIRA,5,1,LEO,5,18.191210795773657,63.73205338601169,120.3082124947258,GEMINI,3,LEO,5,SCORPIO,ARIES,PISCES,10,True,8,False,False,,23969.35,23972.6,23936.25,23944.7,3.25,33.099999999998545,36.349999999998545,14,-0.10283966815953632,Bearish,Neutral,24.649999999997817
2026-06-19,7,SUN,2026-06-19 11:46:32.012164+05:30,2026-06-19 12:54:10.428490+05:30,True,4,SHUKLA_PANCHAMI,5,SHUKLA,POORNA,JUPITER,MAGHA,10,MRIGASHIRA,5,1,VIRGO,6,3.7717822030450066,63.77690460530495,120.96261402058632,GEMINI,3,LEO,5,SCORPIO,ARIES,PISCES,10,True,8,False,False,,23945.0,23974.5,23924.9,23949.9,29.5,20.099999999998545,49.599999999998545,13,0.02046356233034644,Bullish,Neutral,4.900000000001455
2026-06-19,8,VENUS,2026-06-19 12:54:10.428490+05:30,2026-06-19 14:01:48.844816+05:30,True,4,SHUKLA_PANCHAMI,5,SHUKLA,POORNA,JUPITER,MAGHA,10,MRIGASHIRA,5,1,VIRGO,6,19.37950592234131,63.82175534898903,121.61596888430944,GEMINI,3,LEO,5,SCORPIO,ARIES,PISCES,10,True,8,False,False,,23949.95,23977.15,23913.15,23977.15,27.200000000000728,36.79999999999927,64.0,14,0.1135701744680082,Bullish,Neutral,27.200000000000728
2026-06-19,9,MERCURY,2026-06-19 14:01:48.844816+05:30,2026-06-19 15:09:27.261142+05:30,True,4,SHUKLA_PANCHAMI,5,SHUKLA,POORNA,JUPITER,MAGHA,10,MRIGASHIRA,5,1,LIBRA,7,4.81394485491532,63.86660561775123,122.26827799501996,GEMINI,3,LEO,5,SCORPIO,ARIES,PISCES,10,True,8,False,False,,23977.85,24027.05,23901.9,24022.6,49.20000000000073,75.94999999999709,125.14999999999782,13,0.1866305778040984,Bullish,Neutral,44.75
2026-06-19,10,MOON,2026-06-19 15:09:27.261142+05:30,2026-06-19 16:17:05.677468+05:30,True,4,SHUKLA_PANCHAMI,5,SHUKLA,POORNA,JUPITER,MAGHA,10,MRIGASHIRA,5,1,LIBRA,7,19.962358697521097,63.911455411368955,122.91954245425408,GEMINI,3,LEO,5,SCORPIO,ARIES,PISCES,10,True,8,False,False,,24021.5,24047.2,24010.4,24042.7,25.700000000000728,11.099999999998545,36.79999999999927,4,0.08825427221447757,Bullish,Neutral,21.200000000000728
2026-06-22,4,MARS,2026-06-22 08:24:14.472907+05:30,2026-06-22 09:31:53.137197+05:30,True,0,SHUKLA_ASHTAMI,8,SHUKLA,JAYA,MARS,UTTARA_PHALGUNI,12,MRIGASHIRA,5,4,CANCER,4,20.498095425064577,66.50641321912038,158.9562243557811,GEMINI,3,VIRGO,6,SCORPIO,PISCES,PISCES,10,True,7,True,False,,24106.6,24142.5,24073.15,24132.8,35.900000000001455,33.44999999999709,69.34999999999854,4,0.10868392888254971,Bullish,Neutral,26.200000000000728
2026-06-22,5,SUN,2026-06-22 09:31:53.137197+05:30,2026-06-22 10:39:31.801487+05:30,True,0,SHUKLA_ASHTAMI,8,SHUKLA,JAYA,MARS,UTTARA_PHALGUNI,12,MRIGASHIRA,5,4,LEO,5,5.626309627132443,66.55123874500316,159.55352179885483,GEMINI,3,VIRGO,6,SCORPIO,PISCES,PISCES,10,True,7,True,False,,24132.45,24159.65,24103.75,24153.2,27.200000000000728,28.700000000000728,55.900000000001455,13,0.0859838101808975,Bullish,Neutral,20.75
2026-06-22,6,VENUS,2026-06-22 10:39:31.801487+05:30,2026-06-22 11:47:10.465777+05:30,True,0,SHUKLA_ASHTAMI,8,SHUKLA,JAYA,MARS,HASTA,13,MRIGASHIRA,5,1,LEO,5,21.04328619760463,66.59606383967507,160.15009169102208,GEMINI,3,VIRGO,6,SCORPIO,ARIES,PISCES,10,True,7,True,False,,24153.4,24168.05,24141.4,24147.6,14.649999999997817,12.0,26.649999999997817,14,-0.024013182409113872,Bearish,Neutral,5.80000000000291
2026-06-22,7,MERCURY,2026-06-22 11:47:10.465777+05:30,2026-06-22 12:54:49.130067+05:30,True,0,SHUKLA_ASHTAMI,8,SHUKLA,JAYA,MARS,HASTA,13,MRIGASHIRA,5,1,VIRGO,6,6.645672415062393,66.64088850527588,160.74594152825094,GEMINI,3,VIRGO,6,SCORPIO,ARIES,PISCES,10,True,7,True,False,,24146.15,24148.9,24109.8,24120.3,2.75,36.35000000000218,39.10000000000218,13,-0.10705640443715533,Bearish,Neutral,25.850000000002183
2026-06-22,8,MOON,2026-06-22 12:54:49.130067+05:30,2026-06-22 14:02:27.794357+05:30,True,0,SHUKLA_ASHTAMI,8,SHUKLA,JAYA,MARS,HASTA,13,ARDRA,6,1,VIRGO,6,22.23616405934547,66.68571274260498,161.34107880614113,GEMINI,3,VIRGO,6,SAGITTARIUS,ARIES,PISCES,10,True,7,True,False,,24120.15,24136.5,24097.15,24127.0,16.349999999998545,23.0,39.349999999998545,14,0.028399491711281,Bullish,Neutral,6.849999999998545
2026-06-22,9,SATURN,2026-06-22 14:02:27.794357+05:30,2026-06-22 15:10:06.458647+05:30,True,0,SHUKLA_ASHTAMI,8,SHUKLA,JAYA,MARS,HASTA,13,ARDRA,6,1,LIBRA,7,7.623449534594329,66.73053655272108,161.93551103545428,GEMINI,3,VIRGO,6,SAGITTARIUS,ARIES,PISCES,10,True,7,True,False,,24127.4,24145.45,24099.85,24105.65,18.049999999999272,27.55000000000291,45.60000000000218,14,-0.09014647247527706,Bearish,Neutral,21.75
2026-06-22,10,JUPITER,2026-06-22 15:10:06.458647+05:30,2026-06-22 16:17:45.122937+05:30,True,0,SHUKLA_ASHTAMI,8,SHUKLA,JAYA,MARS,HASTA,13,ARDRA,6,1,LIBRA,7,22.719413889481928,66.77535993734809,162.52924575800785,GEMINI,3,VIRGO,6,SAGITTARIUS,ARIES,PISCES,10,True,7,True,False,,24105.5,24111.15,24080.1,24086.85,5.650000000001455,25.400000000001455,31.05000000000291,3,-0.07736823546494143,Bearish,Neutral,18.650000000001455
2026-06-23,4,MERCURY,2026-06-23 08:24:27.829146+05:30,2026-06-23 09:32:06.288966+05:30,True,1,SHUKLA_NAVAMI,9,SHUKLA,RIKTA,SATURN,HASTA,13,ARDRA,6,4,CANCER,4,21.418959852460716,67.4607059619318,171.52663940908303,GEMINI,3,VIRGO,6,SAGITTARIUS,CANCER,PISCES,10,True,7,True,False,,24071.3,24103.45,24040.05,24101.9,32.150000000001455,31.25,63.400000000001455,4,0.12712234071280815,Bullish,Neutral,30.600000000002183
2026-06-23,5,MOON,2026-06-23 09:32:06.288966+05:30,2026-06-23 10:39:44.748786+05:30,True,1,SHUKLA_NAVAMI,9,SHUKLA,RIKTA,SATURN,HASTA,13,ARDRA,6,4,LEO,5,6.564386089496551,67.50552034659866,172.11004568310184,GEMINI,3,VIRGO,6,SAGITTARIUS,CANCER,PISCES,10,True,7,True,False,,24103.45,24135.5,24100.6,24113.45,32.04999999999927,2.850000000002183,34.900000000001455,13,0.041487836803445144,Bullish,Neutral,10.0
2026-06-23,6,SATURN,2026-06-23 10:39:44.748786+05:30,2026-06-23 11:47:23.208606+05:30,True,1,SHUKLA_NAVAMI,9,SHUKLA,RIKTA,SATURN,HASTA,13,ARDRA,6,4,LEO,5,21.996296329854403,67.55033433052279,172.69288493304967,GEMINI,3,VIRGO,6,SAGITTARIUS,CANCER,PISCES,10,True,7,True,False,,24114.35,24130.45,24018.1,24021.85,16.100000000002183,96.25,112.35000000000218,14,-0.3835890247922918,Bearish,Bear,92.5
2026-06-23,7,JUPITER,2026-06-23 11:47:23.208606+05:30,2026-06-23 12:55:01.668426+05:30,True,1,SHUKLA_NAVAMI,9,SHUKLA,RIKTA,SATURN,HASTA,13,ARDRA,6,4,VIRGO,6,7.603321980978762,67.59514791454187,173.27516461026366,GEMINI,3,VIRGO,6,SAGITTARIUS,CANCER,PISCES,10,True,7,True,False,,24022.55,24025.05,23917.3,23930.65,2.5,105.25,107.75,14,-0.3825572222765602,Bearish,Bear,91.89999999999782
2026-06-23,8,MARS,2026-06-23 12:55:01.668426+05:30,2026-06-23 14:02:40.128246+05:30,True,1,SHUKLA_NAVAMI,9,SHUKLA,RIKTA,SATURN,CHITRA,14,ARDRA,6,1,VIRGO,6,23.185455406295716,67.63996109980951,173.85689214700503,GEMINI,3,VIRGO,6,SAGITTARIUS,LEO,PISCES,10,True,7,True,False,,23931.15,23937.8,23862.65,23894.2,6.649999999997817,68.5,75.14999999999782,13,-0.15440127198233566,Bearish,Neutral,36.95000000000073
2026-06-23,9,SUN,2026-06-23 14:02:40.128246+05:30,2026-06-23 15:10:18.588066+05:30,True,1,SHUKLA_NAVAMI,9,SHUKLA,RIKTA,SATURN,CHITRA,14,ARDRA,6,1,LIBRA,7,8.555229124381299,67.6847738882675,174.43807496706006,GEMINI,3,VIRGO,6,SAGITTARIUS,LEO,PISCES,10,True,7,True,False,,23894.9,23935.2,23815.6,23827.7,40.29999999999927,79.30000000000291,119.60000000000218,14,-0.28123155987261184,Bearish,Bear,67.20000000000073
2026-06-23,10,VENUS,2026-06-23 15:10:18.588066+05:30,2026-06-23 16:17:57.047886+05:30,True,1,SHUKLA_NAVAMI,9,SHUKLA,RIKTA,SATURN,CHITRA,14,ARDRA,6,1,LIBRA,7,23.633168207230938,67.72958628185614,175.0187204726582,GEMINI,3,VIRGO,6,SAGITTARIUS,LEO,PISCES,10,True,7,True,False,,23828.7,23829.5,23784.95,23795.25,0.7999999999992724,43.75,44.54999999999927,3,-0.1403769404121951,Bearish,Neutral,33.45000000000073
2026-06-24,4,JUPITER,2026-06-24 08:24:41.538817+05:30,2026-06-24 09:32:19.650869+05:30,True,2,SHUKLA_DASHAMI,10,SHUKLA,POORNA,JUPITER,CHITRA,14,ARDRA,6,4,CANCER,4,22.342110452629697,68.41482015120114,183.83638216899865,GEMINI,3,LIBRA,7,SAGITTARIUS,SCORPIO,PISCES,10,True,6,False,False,,23795.8,23888.9,23789.25,23870.1,93.10000000000218,6.549999999999272,99.65000000000146,4,0.3122399751216571,Bullish,Bull,74.29999999999927
2026-06-24,5,MARS,2026-06-24 09:32:19.650869+05:30,2026-06-24 10:39:57.762921+05:30,True,2,SHUKLA_DASHAMI,10,SHUKLA,POORNA,JUPITER,CHITRA,14,ARDRA,6,4,LEO,5,7.504382871889987,68.45962248991432,184.40924303235573,GEMINI,3,LIBRA,7,SAGITTARIUS,SCORPIO,PISCES,10,True,6,False,False,,23870.35,23970.3,23810.65,23946.35,99.95000000000073,59.69999999999709,159.64999999999782,13,0.31838661770774207,Bullish,Bull,76.0
2026-06-24,6,SUN,2026-06-24 10:39:57.762921+05:30,2026-06-24 11:47:35.874973+05:30,True,2,SHUKLA_DASHAMI,10,SHUKLA,POORNA,JUPITER,CHITRA,14,ARDRA,6,4,LEO,5,22.950249368871056,68.50442446121129,184.98168998863997,GEMINI,3,LIBRA,7,SAGITTARIUS,SCORPIO,PISCES,10,True,6,False,False,,23946.65,24013.85,23932.15,24006.45,67.19999999999709,14.5,81.69999999999709,14,0.24972177736760368,Bullish,Bull,59.79999999999927
2026-06-24,7,VENUS,2026-06-24 11:47:35.874973+05:30,2026-06-24 12:55:13.987025+05:30,True,2,SHUKLA_DASHAMI,10,SHUKLA,POORNA,JUPITER,CHITRA,14,ARDRA,6,4,VIRGO,6,8.560578164487964,68.54922606717771,185.55372984750107,GEMINI,3,LIBRA,7,SAGITTARIUS,SCORPIO,PISCES,10,True,6,False,False,,24006.7,24013.1,23967.0,24004.35,6.399999999997817,39.70000000000073,46.099999999998545,14,-0.009788933922622362,Bearish,Neutral,2.350000000002183
2026-06-24,8,MERCURY,2026-06-24 12:55:13.987025+05:30,2026-06-24 14:02:52.099077+05:30,True,2,SHUKLA_DASHAMI,10,SHUKLA,POORNA,JUPITER,CHITRA,14,ARDRA,6,4,VIRGO,6,24.13307521221526,68.59402730894959,186.12536937238673,GEMINI,3,LIBRA,7,SAGITTARIUS,SCORPIO,PISCES,10,True,6,False,False,,24004.35,24090.05,23994.1,24042.15,85.70000000000073,10.25,95.95000000000073,13,0.1574714582981956,Bullish,Neutral,37.80000000000291
2026-06-24,9,MOON,2026-06-24 14:02:52.099077+05:30,2026-06-24 15:10:30.211129+05:30,True,2,SHUKLA_DASHAMI,10,SHUKLA,POORNA,JUPITER,SWATI,15,ARDRA,6,1,LIBRA,7,9.484503747224096,68.63882818916771,186.69661530268326,GEMINI,3,LIBRA,7,SAGITTARIUS,SAGITTARIUS,PISCES,10,True,6,False,False,,24042.65,24068.75,24003.25,24006.45,26.099999999998545,39.400000000001455,65.5,14,-0.15056576542103606,Bearish,Neutral,36.20000000000073
2026-06-24,10,SATURN,2026-06-24 15:10:30.211129+05:30,2026-06-24 16:18:08.323181+05:30,True,2,SHUKLA_DASHAMI,10,SHUKLA,POORNA,JUPITER,SWATI,15,ARDRA,6,1,LIBRA,7,24.544216325216098,68.68362870905685,187.26747431876282,GEMINI,3,LIBRA,7,SAGITTARIUS,SAGITTARIUS,PISCES,10,True,6,False,False,,24006.0,24031.45,24003.6,24013.15,25.450000000000728,2.400000000001455,27.850000000002183,3,0.029784220611519852,Bullish,Neutral,7.150000000001455
2026-06-25,4,VENUS,2026-06-25 08:24:55.577701+05:30,2026-06-25 09:32:33.199009+05:30,True,3,SHUKLA_EKADASHI,11,SHUKLA,NANDA,VENUS,SWATI,15,ARDRA,6,3,CANCER,4,23.267489802195655,69.36877087099506,195.9547241197922,GEMINI,3,LIBRA,7,SAGITTARIUS,AQUARIUS,PISCES,10,True,6,False,False,,24125.85,24169.7,24107.8,24142.8,43.85000000000218,18.049999999999272,61.900000000001455,4,0.07025659199572545,Bullish,Neutral,16.950000000000728
2026-06-25,5,MERCURY,2026-06-25 09:32:33.199009+05:30,2026-06-25 10:40:10.820317+05:30,True,3,SHUKLA_EKADASHI,11,SHUKLA,NANDA,VENUS,SWATI,15,ARDRA,6,3,LEO,5,8.446200502380094,69.41356035431131,196.5201141618072,GEMINI,3,LIBRA,7,SAGITTARIUS,AQUARIUS,PISCES,10,True,6,False,False,,24144.05,24190.25,24131.4,24182.8,46.20000000000073,12.649999999997817,58.849999999998545,14,0.1604950287959145,Bullish,Neutral,38.75
2026-06-25,6,MOON,2026-06-25 10:40:10.820317+05:30,2026-06-25 11:47:48.441625+05:30,True,3,SHUKLA_EKADASHI,11,SHUKLA,NANDA,VENUS,SWATI,15,ARDRA,6,4,LEO,5,23.905013199836617,69.45834950912948,197.0852258420176,GEMINI,3,LIBRA,7,SAGITTARIUS,PISCES,PISCES,10,True,6,False,False,,24184.1,24206.85,24175.3,24204.2,22.75,8.799999999999272,31.549999999999272,13,0.08311245818534567,Bullish,Neutral,20.100000000002183
2026-06-25,7,SATURN,2026-06-25 11:47:48.441625+05:30,2026-06-25 12:55:26.062933+05:30,True,3,SHUKLA_EKADASHI,11,SHUKLA,NANDA,VENUS,SWATI,15,ARDRA,6,4,VIRGO,6,9.517300523419635,69.50313833644962,197.65006498304194,GEMINI,3,LIBRA,7,SAGITTARIUS,PISCES,PISCES,10,True,6,False,False,,24205.35,24261.6,24176.85,24196.85,56.25,28.5,84.75,14,-0.03511620364919326,Bearish,Neutral,8.5
2026-06-25,8,JUPITER,2026-06-25 12:55:26.062933+05:30,2026-06-25 14:03:03.684241+05:30,True,3,SHUKLA_EKADASHI,11,SHUKLA,NANDA,VENUS,SWATI,15,ARDRA,6,4,VIRGO,6,25.07890379049394,69.54792683859287,198.21463737499775,GEMINI,3,LIBRA,7,SAGITTARIUS,PISCES,PISCES,10,True,6,False,False,,24197.4,24214.5,24169.3,24183.3,17.099999999998545,28.100000000002183,45.20000000000073,13,-0.05827072330085952,Bearish,Neutral,14.100000000002183
2026-06-25,9,MARS,2026-06-25 14:03:03.684241+05:30,2026-06-25 15:10:41.305549+05:30,True,3,SHUKLA_EKADASHI,11,SHUKLA,NANDA,VENUS,SWATI,15,ARDRA,6,4,LIBRA,7,10.411192963614894,69.59271501789495,198.7789487583571,GEMINI,3,LIBRA,7,SAGITTARIUS,PISCES,PISCES,10,True,6,False,False,,24185.1,24185.25,24041.45,24056.0,0.1500000000014552,143.64999999999782,143.79999999999927,14,-0.5337997362012088,Bearish,Strong Bear,129.09999999999854
2026-06-25,10,SUN,2026-06-25 15:10:41.305549+05:30,2026-06-25 16:18:18.926857+05:30,True,3,SHUKLA_EKADASHI,11,SHUKLA,NANDA,VENUS,SWATI,15,ARDRA,6,4,LIBRA,7,25.452519626513634,69.63750287538454,199.34300480694165,GEMINI,3,LIBRA,7,SAGITTARIUS,PISCES,PISCES,10,True,6,False,False,,24056.95,24065.5,24039.0,24052.95,8.549999999999272,17.950000000000728,26.5,3,-0.016627211678953483,Bearish,Neutral,4.0
2026-06-29,4,MARS,2026-06-29 08:25:54.535338+05:30,2026-06-29 09:33:28.774136+05:30,True,0,PURNIMA,15,SHUKLA,POORNA,JUPITER,MULA,19,ARDRA,6,2,CANCER,4,26.99003371339313,73.18330044991247,243.60293509432003,GEMINI,3,SAGITTARIUS,9,CAPRICORN,TAURUS,PISCES,10,True,4,True,False,,24061.75,24110.75,24016.8,24016.8,49.0,44.95000000000073,93.95000000000073,4,-0.18681101748626233,Bearish,Neutral,44.95000000000073
2026-06-29,5,SUN,2026-06-29 09:33:28.774136+05:30,2026-06-29 10:41:03.012934+05:30,True,0,PURNIMA,15,SHUKLA,POORNA,JUPITER,MULA,19,ARDRA,6,2,LEO,5,12.229603522353528,73.22803200293781,244.16043459839904,GEMINI,3,SAGITTARIUS,9,CAPRICORN,TAURUS,PISCES,10,True,4,True,False,,24018.7,24120.0,24005.45,24112.3,101.29999999999927,13.25,114.54999999999927,14,0.3896963615849257,Bullish,Bull,93.59999999999854
2026-06-29,6,VENUS,2026-06-29 10:41:03.012934+05:30,2026-06-29 11:48:37.251732+05:30,True,0,PURNIMA,15,SHUKLA,POORNA,JUPITER,MULA,19,ARDRA,6,2,LEO,5,27.729500410201695,73.27276340939727,244.71799556699864,GEMINI,3,SAGITTARIUS,9,CAPRICORN,TAURUS,PISCES,10,True,4,True,False,,24115.5,24115.5,24018.65,24026.7,0.0,96.84999999999854,96.84999999999854,13,-0.36822790321577104,Bearish,Bear,88.79999999999927
2026-06-29,7,MERCURY,2026-06-29 11:48:37.251732+05:30,2026-06-29 12:56:11.490530+05:30,True,0,PURNIMA,15,SHUKLA,POORNA,JUPITER,MULA,19,ARDRA,6,2,VIRGO,6,13.336090527190208,73.31749467213271,245.27562070770787,GEMINI,3,SAGITTARIUS,9,CAPRICORN,TAURUS,PISCES,10,True,4,True,False,,24027.7,24027.7,23925.4,23963.3,0.0,102.29999999999927,102.29999999999927,14,-0.26802398897939234,Bearish,Bear,64.40000000000146
2026-06-29,8,MOON,2026-06-29 12:56:11.490530+05:30,2026-06-29 14:03:45.729328+05:30,True,0,PURNIMA,15,SHUKLA,POORNA,JUPITER,MULA,19,ARDRA,6,2,VIRGO,6,28.84203435360365,73.36222579398432,245.83331271936137,GEMINI,3,SAGITTARIUS,9,AQUARIUS,TAURUS,PISCES,10,True,4,True,False,,23964.25,23981.25,23926.3,23952.05,17.0,37.95000000000073,54.95000000000073,13,-0.050909166779685266,Bearish,Neutral,12.200000000000728
2026-06-29,9,SATURN,2026-06-29 14:03:45.729328+05:30,2026-06-29 15:11:19.968126+05:30,True,0,PURNIMA,15,SHUKLA,POORNA,JUPITER,MULA,19,ARDRA,6,2,LIBRA,7,14.090646012263335,73.4069567764725,246.3910742762348,GEMINI,3,SAGITTARIUS,9,AQUARIUS,TAURUS,PISCES,10,True,4,True,False,,23952.45,23987.2,23924.55,23943.2,34.75,27.900000000001455,62.650000000001455,14,-0.03861817893367902,Bearish,Neutral,9.25
2026-06-29,10,JUPITER,2026-06-29 15:11:19.968126+05:30,2026-06-29 16:18:54.206924+05:30,True,0,PURNIMA,15,SHUKLA,POORNA,JUPITER,MULA,19,ARDRA,6,3,LIBRA,7,29.057656716778183,73.45168762246281,246.94890806794342,GEMINI,3,SAGITTARIUS,9,AQUARIUS,GEMINI,PISCES,10,True,4,True,False,,23943.7,23985.15,23932.9,23978.5,41.45000000000073,10.799999999999272,52.25,3,0.14534094563496566,Bullish,Neutral,34.79999999999927
2026-06-30,4,MERCURY,2026-06-30 08:26:09.851949+05:30,2026-06-30 09:33:42.893718+05:30,True,1,KRISHNA_PRATIPADA,16,KRISHNA,NANDA,VENUS,PURVA_ASHADHA,20,ARDRA,6,1,CANCER,4,27.925586166732046,74.13671649303467,255.5029678645043,GEMINI,3,SAGITTARIUS,9,AQUARIUS,LEO,PISCES,10,True,4,True,False,,24032.05,24035.55,23867.45,23873.3,3.5,164.59999999999854,168.09999999999854,4,-0.6605761888810984,Bearish,Strong Bear,158.75
2026-06-30,5,MOON,2026-06-30 09:33:42.893718+05:30,2026-06-30 10:41:15.935487+05:30,True,1,KRISHNA_PRATIPADA,16,KRISHNA,NANDA,VENUS,PURVA_ASHADHA,20,ARDRA,6,1,LEO,5,13.178946755090834,74.18143223279844,256.0621908673297,GEMINI,3,SAGITTARIUS,9,AQUARIUS,LEO,PISCES,10,True,4,True,False,,23872.7,23916.05,23851.95,23890.5,43.349999999998545,20.75,64.09999999999854,14,0.0745621567732149,Bullish,Neutral,17.799999999999272
2026-06-30,6,SATURN,2026-06-30 10:41:15.935487+05:30,2026-06-30 11:48:48.977256+05:30,True,1,KRISHNA_PRATIPADA,16,KRISHNA,NANDA,VENUS,PURVA_ASHADHA,20,ARDRA,6,1,LEO,5,28.686305474705676,74.2261478765015,256.6215322012948,GEMINI,3,SAGITTARIUS,9,AQUARIUS,LEO,PISCES,10,True,4,True,False,,23890.3,23998.55,23872.6,23930.0,108.25,17.700000000000728,125.95000000000073,13,0.16617623052033975,Bullish,Neutral,39.70000000000073
2026-06-30,7,JUPITER,2026-06-30 11:48:48.977256+05:30,2026-06-30 12:56:22.019025+05:30,True,1,KRISHNA_PRATIPADA,16,KRISHNA,NANDA,VENUS,PURVA_ASHADHA,20,ARDRA,6,2,VIRGO,6,14.288089591734604,74.27086342693137,257.1809945759508,GEMINI,3,SAGITTARIUS,9,AQUARIUS,VIRGO,PISCES,10,True,4,True,False,,23930.0,23964.35,23911.55,23952.45,34.349999999998545,18.450000000000728,52.79999999999927,14,0.0938152946092801,Bullish,Neutral,22.450000000000728
2026-06-30,8,MARS,2026-06-30 12:56:22.019025+05:30,2026-06-30 14:03:55.060794+05:30,True,1,KRISHNA_PRATIPADA,16,KRISHNA,NANDA,VENUS,PURVA_ASHADHA,20,ARDRA,6,2,VIRGO,6,29.77723668156088,74.31557888510697,257.74058068852173,GEMINI,3,SAGITTARIUS,9,AQUARIUS,VIRGO,PISCES,10,True,4,True,False,,23951.95,23954.95,23880.95,23887.75,3.0,71.0,74.0,13,-0.26803663167299835,Bearish,Bear,64.20000000000073
2026-06-30,9,SUN,2026-06-30 14:03:55.060794+05:30,2026-06-30 15:11:28.102563+05:30,True,1,KRISHNA_PRATIPADA,16,KRISHNA,NANDA,VENUS,PURVA_ASHADHA,20,ARDRA,6,2,LIBRA,7,15.003360674992877,74.36029425513735,258.3002932858186,GEMINI,3,SAGITTARIUS,9,AQUARIUS,VIRGO,PISCES,10,True,4,True,False,,23887.9,23972.45,23829.2,23864.8,84.54999999999927,58.70000000000073,143.25,14,-0.09670167741828366,Bearish,Neutral,23.100000000002183
2026-06-30,10,VENUS,2026-06-30 15:11:28.102563+05:30,2026-06-30 16:19:01.144332+05:30,True,1,KRISHNA_PRATIPADA,16,KRISHNA,NANDA,VENUS,PURVA_ASHADHA,20,ARDRA,6,2,LIBRA,7,29.951801833305808,74.40500953863071,258.8601350929965,GEMINI,3,SAGITTARIUS,9,AQUARIUS,VIRGO,PISCES,10,True,4,True,False,,23864.15,23922.1,23864.15,23917.75,57.94999999999709,0.0,57.94999999999709,3,0.22460468946096357,Bullish,Bull,53.599999999998545
2026-07-01,4,JUPITER,2026-07-01 08:26:25.350027+05:30,2026-07-01 09:33:57.055957+05:30,True,2,KRISHNA_DVITIYA,17,KRISHNA,BHADRA,MERCURY,UTTARA_ASHADHA,21,ARDRA,6,1,CANCER,4,28.862959165462513,75.09008980757811,267.45573233004853,GEMINI,3,SAGITTARIUS,9,AQUARIUS,SAGITTARIUS,PISCES,10,True,4,True,False,,23897.65,23937.0,23895.1,23919.55,39.349999999998545,2.5500000000029104,41.900000000001455,4,0.09164080987041745,Bullish,Neutral,21.899999999997817
2026-07-01,5,MARS,2026-07-01 09:33:57.055957+05:30,2026-07-01 10:41:28.761887+05:30,True,2,KRISHNA_DVITIYA,17,KRISHNA,BHADRA,MERCURY,UTTARA_ASHADHA,21,ARDRA,6,1,LEO,5,14.12946311815864,75.13478927033007,268.0178977226511,GEMINI,3,SAGITTARIUS,9,AQUARIUS,SAGITTARIUS,PISCES,10,True,4,True,False,,23919.1,24020.65,23917.4,23954.05,101.55000000000291,1.6999999999970896,103.25,14,0.1461175378672305,Bullish,Neutral,34.95000000000073
2026-07-01,6,SUN,2026-07-01 10:41:28.761887+05:30,2026-07-01 11:49:00.467817+05:30,True,2,KRISHNA_DVITIYA,17,KRISHNA,BHADRA,MERCURY,UTTARA_ASHADHA,21,ARDRA,6,1,LEO,5,29.643113278768652,75.1794886874055,268.580242258869,GEMINI,3,SAGITTARIUS,9,AQUARIUS,SAGITTARIUS,PISCES,10,True,4,True,False,,23952.75,24026.85,23951.7,24019.35,74.09999999999854,1.0499999999992724,75.14999999999782,13,0.2780474058302222,Bullish,Bull,66.59999999999854
2026-07-01,7,VENUS,2026-07-01 11:49:00.467817+05:30,2026-07-01 12:56:32.173747+05:30,True,2,KRISHNA_DVITIYA,17,KRISHNA,BHADRA,MERCURY,UTTARA_ASHADHA,21,ARDRA,6,1,VIRGO,6,15.238747245443818,75.22418806078821,269.14276901745325,GEMINI,3,SAGITTARIUS,9,AQUARIUS,SAGITTARIUS,PISCES,10,True,4,True,False,,24018.85,24049.9,23994.3,24022.9,31.05000000000291,24.549999999999272,55.60000000000218,14,0.016861756495431344,Bullish,Neutral,4.05000000000291
2026-07-01,8,MERCURY,2026-07-01 12:56:32.173747+05:30,2026-07-01 14:04:03.879677+05:30,True,2,KRISHNA_DVITIYA,17,KRISHNA,BHADRA,MERCURY,UTTARA_ASHADHA,21,ARDRA,6,1,LIBRA,7,0.710007218677589,75.26888739252414,269.70548110338837,GEMINI,3,SAGITTARIUS,9,AQUARIUS,SAGITTARIUS,PISCES,10,True,4,True,False,,24022.4,24047.65,24002.05,24025.35,25.25,20.350000000002183,45.60000000000218,13,0.012280205141855476,Bullish,Neutral,2.9499999999970896
2026-07-01,9,MOON,2026-07-01 14:04:03.879677+05:30,2026-07-01 15:11:35.585607+05:30,True,2,KRISHNA_DVITIYA,17,KRISHNA,BHADRA,MERCURY,UTTARA_ASHADHA,21,ARDRA,6,2,LIBRA,7,15.913102730794321,75.31358668590026,270.2683816707521,GEMINI,3,CAPRICORN,10,AQUARIUS,CAPRICORN,PISCES,10,True,3,False,False,,24024.3,24048.2,23991.75,24006.25,23.900000000001455,32.54999999999927,56.45000000000073,14,-0.07513226191813818,Bearish,Neutral,18.049999999999272
2026-07-01,10,SATURN,2026-07-01 15:11:35.585607+05:30,2026-07-01 16:19:07.291537+05:30,True,2,KRISHNA_DVITIYA,17,KRISHNA,BHADRA,MERCURY,UTTARA_ASHADHA,21,ARDRA,6,2,SCORPIO,8,0.8430572163003092,75.35828594226575,270.8314738674809,GEMINI,3,CAPRICORN,10,AQUARIUS,CAPRICORN,PISCES,10,True,3,False,False,,24005.6,24010.4,23980.65,23987.95,4.80000000000291,24.94999999999709,29.75,3,-0.0735245109474365,Bearish,Neutral,17.649999999997817
2026-07-02,4,VENUS,2026-07-02 08:26:41.004951+05:30,2026-07-02 09:34:11.237283+05:30,True,3,KRISHNA_DVITIYA,17,KRISHNA,BHADRA,MERCURY,UTTARA_ASHADHA,21,ARDRA,6,4,CANCER,4,29.80207456849223,76.0434428396535,279.48903967318375,GEMINI,3,CAPRICORN,10,AQUARIUS,PISCES,PISCES,10,True,3,False,False,,24062.2,24132.55,24058.8,24124.9,70.34999999999854,3.400000000001455,73.75,4,0.260574677294681,Bullish,Bull,62.70000000000073
2026-07-02,5,MERCURY,2026-07-02 09:34:11.237283+05:30,2026-07-02 10:41:41.469615+05:30,True,3,KRISHNA_DVITIYA,17,KRISHNA,BHADRA,MERCURY,SHRAVANA,22,ARDRA,6,1,LEO,5,15.081037414759749,76.0881255682972,280.05552868289476,GEMINI,3,CAPRICORN,10,AQUARIUS,ARIES,PISCES,10,True,3,False,False,,24124.45,24159.45,24070.3,24110.55,35.0,54.150000000001455,89.15000000000146,14,-0.05761789387945199,Bearish,Neutral,13.900000000001455
2026-07-02,6,MOON,2026-07-02 10:41:41.469615+05:30,2026-07-02 11:49:11.701947+05:30,True,3,KRISHNA_TRITIYA,18,KRISHNA,JAYA,MARS,SHRAVANA,22,ARDRA,6,1,VIRGO,6,0.5997885527391134,76.13280830081466,280.62226893737915,GEMINI,3,CAPRICORN,10,AQUARIUS,ARIES,PISCES,10,True,3,False,False,,24110.55,24116.8,24067.5,24086.0,6.25,43.04999999999927,49.29999999999927,13,-0.10182264610305147,Bearish,Neutral,24.549999999999272
2026-07-02,7,SATURN,2026-07-02 11:49:11.701947+05:30,2026-07-02 12:56:41.934279+05:30,True,3,KRISHNA_TRITIYA,18,KRISHNA,JAYA,MARS,SHRAVANA,22,ARDRA,6,1,VIRGO,6,16.18793722892468,76.1774910385029,281.1892641866341,GEMINI,3,CAPRICORN,10,AQUARIUS,ARIES,PISCES,10,True,3,False,False,,24086.9,24137.7,24086.15,24119.4,50.79999999999927,0.75,51.54999999999927,14,0.1349281144522541,Bullish,Neutral,32.5
2026-07-02,8,JUPITER,2026-07-02 12:56:41.934279+05:30,2026-07-02 14:04:12.166611+05:30,True,3,KRISHNA_TRITIYA,18,KRISHNA,JAYA,MARS,SHRAVANA,22,ARDRA,6,1,LIBRA,7,1.6402535104422782,76.22217378428876,281.756518234875,GEMINI,3,CAPRICORN,10,AQUARIUS,ARIES,PISCES,10,True,3,False,False,,24119.45,24155.35,24115.75,24137.4,35.89999999999782,3.7000000000007276,39.599999999998545,13,0.07442126582488709,Bullish,Neutral,17.950000000000728
2026-07-02,9,MARS,2026-07-02 14:04:12.166611+05:30,2026-07-02 15:11:42.398943+05:30,True,3,KRISHNA_TRITIYA,18,KRISHNA,JAYA,MARS,SHRAVANA,22,ARDRA,6,1,LIBRA,7,16.819823295203918,76.26685654037678,282.3240349179714,GEMINI,3,CAPRICORN,10,AQUARIUS,ARIES,PISCES,10,True,3,False,False,,24137.45,24194.55,24127.4,24176.5,57.099999999998545,10.049999999999272,67.14999999999782,14,0.16178179550863603,Bullish,Neutral,39.04999999999927
2026-07-02,10,SUN,2026-07-02 15:11:42.398943+05:30,2026-07-02 16:19:12.631275+05:30,True,3,KRISHNA_TRITIYA,18,KRISHNA,JAYA,MARS,SHRAVANA,22,ARDRA,6,1,SCORPIO,8,1.731412885240161,76.31153930948997,282.89181811517636,GEMINI,3,CAPRICORN,10,AQUARIUS,ARIES,PISCES,10,True,3,False,False,,24176.9,24179.5,24153.4,24167.2,2.599999999998545,23.5,26.099999999998545,3,-0.040120941890816136,Bearish,Neutral,9.700000000000728
2026-07-03,4,SATURN,2026-07-03 08:26:56.792206+05:30,2026-07-03 09:34:25.414322+05:30,True,4,KRISHNA_TRITIYA,18,KRISHNA,JAYA,MARS,SHRAVANA,22,ARDRA,6,4,LEO,5,0.7428518158568238,76.99679780160659,291.6356619665604,GEMINI,3,CAPRICORN,10,PISCES,CANCER,PISCES,10,True,3,False,False,,24375.65,24378.15,24295.15,24355.65,2.5,80.5,83.0,4,-0.08204909407544003,Bearish,Neutral,20.0
2026-07-03,5,JUPITER,2026-07-03 09:34:25.414322+05:30,2026-07-03 10:41:54.036438+05:30,True,4,KRISHNA_TRITIYA,18,KRISHNA,JAYA,MARS,SHRAVANA,22,ARDRA,6,4,LEO,5,16.033552372137137,77.04146333186853,292.2081532754585,GEMINI,3,CAPRICORN,10,PISCES,CANCER,PISCES,10,True,3,False,False,,24357.85,24365.2,24311.85,24340.35,7.350000000002183,46.0,53.35000000000218,14,-0.07184542149656066,Bearish,Neutral,17.5
2026-07-03,6,MARS,2026-07-03 10:41:54.036438+05:30,2026-07-03 11:49:22.658554+05:30,True,4,KRISHNA_TRITIYA,18,KRISHNA,JAYA,MARS,SHRAVANA,22,ARDRA,6,4,VIRGO,6,1.5561961716237533,77.08612891405161,292.78098420756794,GEMINI,3,CAPRICORN,10,PISCES,CANCER,PISCES,10,True,3,False,False,,24342.1,24354.0,24319.1,24337.6,11.900000000001455,23.0,34.900000000001455,13,-0.018486490483565512,Bearish,Neutral,4.5
2026-07-03,7,SUN,2026-07-03 11:49:22.658554+05:30,2026-07-03 12:56:51.280670+05:30,True,4,KRISHNA_CHATURTHI,19,KRISHNA,RIKTA,SATURN,DHANISHTA,23,ARDRA,6,1,VIRGO,6,17.1355355873186,77.13079454911828,293.35415933997126,GEMINI,3,CAPRICORN,10,PISCES,LEO,PISCES,10,True,3,False,False,,24339.35,24373.35,24336.95,24353.45,34.0,2.399999999997817,36.39999999999782,14,0.057930881473836335,Bullish,Neutral,14.100000000002183
2026-07-03,8,VENUS,2026-07-03 12:56:51.280670+05:30,2026-07-03 14:04:19.902786+05:30,True,4,KRISHNA_CHATURTHI,19,KRISHNA,RIKTA,SATURN,DHANISHTA,23,ARDRA,6,1,LIBRA,7,2.5678869830209408,77.17546024104443,293.9276833292056,GEMINI,3,CAPRICORN,10,PISCES,LEO,PISCES,10,True,3,False,False,,24355.05,24355.45,24272.65,24279.7,0.4000000000014552,82.39999999999782,82.79999999999927,13,-0.30938142192275747,Bearish,Bear,75.34999999999854
2026-07-03,9,MERCURY,2026-07-03 14:04:19.902786+05:30,2026-07-03 15:11:48.524902+05:30,True,4,KRISHNA_CHATURTHI,19,KRISHNA,RIKTA,SATURN,DHANISHTA,23,ARDRA,6,1,LIBRA,7,17.723478405017715,77.2201259907201,294.50156083220446,GEMINI,3,CAPRICORN,10,PISCES,LEO,PISCES,10,True,3,False,False,,24281.0,24297.25,24252.35,24272.1,16.25,28.650000000001455,44.900000000001455,14,-0.03665417404555601,Bearish,Neutral,8.900000000001455
2026-07-03,10,MOON,2026-07-03 15:11:48.524902+05:30,2026-07-03 16:19:17.147018+05:30,True,4,KRISHNA_CHATURTHI,19,KRISHNA,RIKTA,SATURN,DHANISHTA,23,ARDRA,6,1,SCORPIO,8,2.6168626049636714,77.26479180124964,295.0757965741644,GEMINI,3,CAPRICORN,10,PISCES,LEO,PISCES,10,True,3,False,False,,24273.4,24275.9,24258.75,24271.2,2.5,14.650000000001455,17.150000000001455,3,-0.00906341921609963,Bearish,Neutral,2.2000000000007276
2026-07-06,4,MARS,2026-07-06 08:27:44.705550+05:30,2026-07-06 09:35:07.690112+05:30,True,0,KRISHNA_SHASHTHI,21,KRISHNA,NANDA,VENUS,PURVA_BHADRAPADA,25,ARDRA,6,3,LEO,5,3.574306685004572,79.85708610940388,329.19426459114857,GEMINI,3,AQUARIUS,11,PISCES,GEMINI,PISCES,10,True,2,False,True,Setting,24306.85,24379.9,24287.1,24372.3,73.05000000000291,19.75,92.80000000000291,5,0.26926565968029886,Bullish,Bull,65.45000000000073
2026-07-06,5,SUN,2026-07-06 09:35:07.690112+05:30,2026-07-06 10:42:30.674674+05:30,True,0,KRISHNA_SHASHTHI,21,KRISHNA,NANDA,VENUS,PURVA_BHADRAPADA,25,ARDRA,6,3,LEO,5,18.895548498932783,79.90169695595601,329.7983396470388,GEMINI,3,AQUARIUS,11,PISCES,GEMINI,PISCES,10,True,2,False,True,Setting,24373.95,24414.65,24366.0,24403.05,40.70000000000073,7.950000000000728,48.650000000001455,13,0.11938975832804508,Bullish,Neutral,29.099999999998545
2026-07-06,6,VENUS,2026-07-06 10:42:30.674674+05:30,2026-07-06 11:49:53.659236+05:30,True,0,KRISHNA_SHASHTHI,21,KRISHNA,NANDA,VENUS,PURVA_BHADRAPADA,25,ARDRA,6,4,VIRGO,6,4.422475408401482,79.9463079815509,330.40310620319127,GEMINI,3,PISCES,12,PISCES,CANCER,PISCES,10,True,1,True,True,Peak,24404.15,24428.05,24400.95,24420.5,23.899999999997817,3.2000000000007276,27.099999999998545,13,0.0669968017734629,Bullish,Neutral,16.349999999998545
2026-07-06,7,MERCURY,2026-07-06 11:49:53.659236+05:30,2026-07-06 12:57:16.643798+05:30,True,0,KRISHNA_SHASHTHI,21,KRISHNA,NANDA,VENUS,PURVA_BHADRAPADA,25,ARDRA,6,4,VIRGO,6,19.967587819142864,79.99091918804238,331.00857004059213,GEMINI,3,PISCES,12,PISCES,CANCER,PISCES,10,True,1,True,True,Peak,24419.6,24453.5,24407.85,24439.25,33.900000000001455,11.75,45.650000000001455,14,0.08046814853642753,Bullish,Neutral,19.650000000001455
2026-07-06,8,MOON,2026-07-06 12:57:16.643798+05:30,2026-07-06 14:04:39.628360+05:30,True,0,KRISHNA_SHASHTHI,21,KRISHNA,NANDA,VENUS,PURVA_BHADRAPADA,25,PUNARVASU,7,4,LIBRA,7,5.33429170210681,80.03553057806221,331.6147369336253,GEMINI,3,PISCES,12,ARIES,CANCER,PISCES,10,True,1,True,True,Peak,24439.0,24458.65,24406.1,24417.15,19.650000000001455,32.900000000001455,52.55000000000291,13,-0.08940627685256576,Bearish,Neutral,21.849999999998545
2026-07-06,9,SATURN,2026-07-06 14:04:39.628360+05:30,2026-07-06 15:12:02.612922+05:30,True,0,KRISHNA_SAPTAMI,22,KRISHNA,BHADRA,MERCURY,PURVA_BHADRAPADA,25,PUNARVASU,7,4,LIBRA,7,20.41567180991214,80.08014215241943,332.22161259375565,GEMINI,3,PISCES,12,ARIES,CANCER,PISCES,10,True,1,True,True,Peak,24417.15,24447.65,24382.4,24437.2,30.5,34.75,65.25,14,0.08211441548255742,Bullish,Neutral,20.049999999999272
2026-07-06,10,JUPITER,2026-07-06 15:12:02.612922+05:30,2026-07-06 16:19:25.597484+05:30,True,0,KRISHNA_SAPTAMI,22,KRISHNA,BHADRA,MERCURY,PURVA_BHADRAPADA,25,PUNARVASU,7,4,SCORPIO,8,5.255765033397893,80.12475391226279,332.8292027213624,GEMINI,3,PISCES,12,ARIES,CANCER,PISCES,10,True,1,True,True,Peak,24438.2,24441.4,24417.95,24423.95,3.2000000000007276,20.25,23.450000000000728,3,-0.05831035018945749,Bearish,Neutral,14.25
2026-07-07,4,MERCURY,2026-07-07 08:28:00.780892+05:30,2026-07-07 09:35:21.621993+05:30,True,1,KRISHNA_SAPTAMI,22,KRISHNA,BHADRA,MERCURY,UTTARA_BHADRAPADA,26,PUNARVASU,7,3,LEO,5,4.520871778102631,80.81065431884845,342.26445402163273,GEMINI,3,PISCES,12,ARIES,LIBRA,PISCES,10,True,1,True,True,Peak,24464.45,24488.45,24423.5,24439.25,24.0,40.95000000000073,64.95000000000073,5,-0.103006607546872,Bearish,Neutral,25.200000000000728
2026-07-07,5,MOON,2026-07-07 09:35:21.621993+05:30,2026-07-07 10:42:42.463094+05:30,True,1,KRISHNA_SAPTAMI,22,KRISHNA,BHADRA,MERCURY,UTTARA_BHADRAPADA,26,PUNARVASU,7,3,LEO,5,19.85062695067259,80.8552456983093,342.88419027916007,GEMINI,3,PISCES,12,ARIES,LIBRA,PISCES,10,True,1,True,True,Peak,24439.8,24505.1,24439.75,24470.15,65.29999999999927,0.049999999999272404,65.34999999999854,13,0.12418268561936752,Bullish,Neutral,30.350000000002183
2026-07-07,6,SATURN,2026-07-07 10:42:42.463094+05:30,2026-07-07 11:50:03.304195+05:30,True,1,KRISHNA_SAPTAMI,22,KRISHNA,BHADRA,MERCURY,UTTARA_BHADRAPADA,26,PUNARVASU,7,4,VIRGO,6,5.376479606822443,80.89983729086015,343.5047321983231,GEMINI,3,PISCES,12,ARIES,SCORPIO,PISCES,10,True,1,True,True,Peak,24470.7,24525.75,24465.35,24520.6,55.04999999999927,5.350000000002183,60.400000000001455,14,0.2039173378775344,Bullish,Bull,49.89999999999782
2026-07-07,7,JUPITER,2026-07-07 11:50:03.304195+05:30,2026-07-07 12:57:24.145296+05:30,True,1,KRISHNA_SAPTAMI,22,KRISHNA,BHADRA,MERCURY,UTTARA_BHADRAPADA,26,PUNARVASU,7,4,VIRGO,6,20.907642688909448,80.94442909618742,344.126084500336,GEMINI,3,PISCES,12,ARIES,SCORPIO,PISCES,10,True,1,True,True,Peak,24520.9,24530.9,24446.05,24468.55,10.0,74.85000000000218,84.85000000000218,13,-0.2134913481968532,Bearish,Bear,52.35000000000218
2026-07-07,8,MARS,2026-07-07 12:57:24.145296+05:30,2026-07-07 14:04:44.986397+05:30,True,1,KRISHNA_SAPTAMI,22,KRISHNA,BHADRA,MERCURY,UTTARA_BHADRAPADA,26,PUNARVASU,7,4,LIBRA,7,6.250676610797996,80.98902111736697,344.74825186627606,GEMINI,3,PISCES,12,ARIES,SCORPIO,PISCES,10,True,1,True,True,Peak,24467.7,24468.45,24418.45,24453.4,0.75,49.25,50.0,13,-0.05844439812487186,Bearish,Neutral,14.299999999999272
2026-07-07,9,SUN,2026-07-07 14:04:44.986397+05:30,2026-07-07 15:12:05.827498+05:30,True,1,KRISHNA_ASHTAMI,23,KRISHNA,JAYA,MARS,UTTARA_BHADRAPADA,26,PUNARVASU,7,4,LIBRA,7,21.30670738975593,81.03361335560604,345.37123887952237,GEMINI,3,PISCES,12,ARIES,SCORPIO,PISCES,10,True,1,True,True,Peak,24452.95,24473.05,24390.15,24397.85,20.099999999998545,62.79999999999927,82.89999999999782,14,-0.22533068607265044,Bearish,Bear,55.10000000000218
2026-07-07,10,VENUS,2026-07-07 15:12:05.827498+05:30,2026-07-07 16:19:26.668599+05:30,True,1,KRISHNA_ASHTAMI,23,KRISHNA,JAYA,MARS,UTTARA_BHADRAPADA,26,PUNARVASU,7,4,SCORPIO,8,6.129597149678233,81.07820581090206,345.99505002197014,GEMINI,3,PISCES,12,ARIES,SCORPIO,PISCES,10,True,1,True,True,Peak,24398.5,24401.75,24348.95,24355.1,3.25,49.54999999999927,52.79999999999927,3,-0.17787978769187227,Bearish,Neutral,43.400000000001455
2026-07-08,4,JUPITER,2026-07-08 08:28:16.869266+05:30,2026-07-08 09:35:35.437317+05:30,True,2,KRISHNA_ASHTAMI,23,KRISHNA,JAYA,MARS,REVATI,27,PUNARVASU,7,3,LEO,5,5.468657752316517,81.7643189476893,355.6996596901497,GEMINI,3,PISCES,12,ARIES,AQUARIUS,PISCES,10,True,1,True,True,Peak,24259.55,24295.25,24207.2,24217.15,35.70000000000073,52.349999999998545,88.04999999999927,5,-0.17477653130415782,Bearish,Neutral,42.39999999999782
2026-07-08,5,MARS,2026-07-08 09:35:35.437317+05:30,2026-07-08 10:42:54.005368+05:30,True,2,KRISHNA_ASHTAMI,23,KRISHNA,JAYA,MARS,REVATI,27,PUNARVASU,7,3,LEO,5,20.80604165791661,81.80889006382019,356.3371726653894,GEMINI,3,PISCES,12,ARIES,AQUARIUS,PISCES,10,True,1,True,True,Peak,24217.65,24294.2,24213.15,24279.25,76.54999999999927,4.5,81.04999999999927,13,0.25435993996113804,Bullish,Bull,61.599999999998545
2026-07-08,6,SUN,2026-07-08 10:42:54.005368+05:30,2026-07-08 11:50:12.573419+05:30,True,2,KRISHNA_ASHTAMI,23,KRISHNA,JAYA,MARS,REVATI,27,PUNARVASU,7,4,VIRGO,6,6.329555664811039,81.85346141803353,356.97557082644346,GEMINI,3,PISCES,12,ARIES,PISCES,PISCES,10,True,1,True,True,Peak,24281.45,24300.0,24244.0,24252.85,18.549999999999272,37.45000000000073,56.0,14,-0.11778538761071593,Bearish,Neutral,28.600000000002183
2026-07-08,7,VENUS,2026-07-08 11:50:12.573419+05:30,2026-07-08 12:57:31.141470+05:30,True,2,KRISHNA_ASHTAMI,23,KRISHNA,JAYA,MARS,REVATI,27,PUNARVASU,7,4,VIRGO,6,21.84553435996878,81.89803301136497,357.6148566261042,GEMINI,3,PISCES,12,ARIES,PISCES,PISCES,10,True,1,True,True,Peak,24254.85,24259.45,24184.0,24215.9,4.600000000002183,70.84999999999854,75.45000000000073,13,-0.1605864394131363,Bearish,Neutral,38.94999999999709
2026-07-08,8,MERCURY,2026-07-08 12:57:31.141470+05:30,2026-07-08 14:04:49.709521+05:30,True,2,KRISHNA_NAVAMI,24,KRISHNA,RIKTA,SATURN,REVATI,27,PUNARVASU,7,4,LIBRA,7,7.164072354889896,81.94260484479712,358.25503237668664,GEMINI,3,PISCES,12,ARIES,PISCES,PISCES,10,True,1,True,True,Peak,24217.15,24235.8,23969.25,23976.4,18.649999999997817,247.90000000000146,266.5499999999993,13,-0.9941301928591927,Bearish,Strong Bear,240.75
2026-07-08,9,MOON,2026-07-08 14:04:49.709521+05:30,2026-07-08 15:12:08.277572+05:30,True,2,KRISHNA_NAVAMI,24,KRISHNA,RIKTA,SATURN,REVATI,27,PUNARVASU,7,4,LIBRA,7,22.194519936693382,81.98717691980212,358.89610025328466,GEMINI,3,PISCES,12,ARIES,PISCES,PISCES,10,True,1,True,True,Peak,23975.95,23982.55,23805.2,23883.35,6.599999999998545,170.75,177.34999999999854,14,-0.3862203583174063,Bearish,Bear,92.60000000000218
2026-07-08,10,SATURN,2026-07-08 15:12:08.277572+05:30,2026-07-08 16:19:26.845623+05:30,True,2,KRISHNA_NAVAMI,24,KRISHNA,RIKTA,SATURN,REVATI,27,PUNARVASU,7,4,SCORPIO,8,7.00054310465049,82.03174923578875,359.53806225856505,GEMINI,3,PISCES,12,ARIES,PISCES,PISCES,10,True,1,True,True,Peak,23882.2,23919.55,23882.2,23895.7,37.349999999998545,0.0,37.349999999998545,3,0.05652745559454321,Bullish,Neutral,13.5
2026-07-09,4,VENUS,2026-07-09 08:28:32.947749+05:30,2026-07-09 09:35:49.114803+05:30,True,3,KRISHNA_NAVAMI,24,KRISHNA,RIKTA,SATURN,ASHWINI,1,PUNARVASU,7,3,LEO,5,6.417570543216328,82.71809167724795,9.53662815555255,GEMINI,3,ARIES,1,ARIES,GEMINI,PISCES,10,True,12,False,True,Rising,23928.95,24051.1,23927.7,24051.1,122.14999999999782,1.25,123.39999999999782,5,0.5104695358550952,Bullish,Strong Bull,122.14999999999782
2026-07-09,5,MERCURY,2026-07-09 09:35:49.114803+05:30,2026-07-09 10:43:05.281857+05:30,True,3,KRISHNA_NAVAMI,24,KRISHNA,RIKTA,SATURN,ASHWINI,1,PUNARVASU,7,4,LEO,5,21.76166976121118,82.76264157528298,10.19300840868572,GEMINI,3,ARIES,1,ARIES,CANCER,PISCES,10,True,12,False,True,Rising,24051.0,24134.7,23998.9,24077.4,83.70000000000073,52.099999999998545,135.79999999999927,13,0.10976674566546694,Bullish,Neutral,26.400000000001455
2026-07-09,6,MOON,2026-07-09 10:43:05.281857+05:30,2026-07-09 11:50:21.448911+05:30,True,3,KRISHNA_DASHAMI,25,KRISHNA,POORNA,JUPITER,ASHWINI,1,PUNARVASU,7,4,VIRGO,6,7.2815768046934295,82.80719172799922,10.850290286038765,GEMINI,3,ARIES,1,ARIES,CANCER,PISCES,10,True,12,False,True,Rising,24078.1,24090.5,23988.35,24047.05,12.400000000001455,89.75,102.15000000000146,14,-0.1289553577732432,Bearish,Neutral,31.049999999999272
2026-07-09,7,SATURN,2026-07-09 11:50:21.448911+05:30,2026-07-09 12:57:37.615965+05:30,True,3,KRISHNA_DASHAMI,25,KRISHNA,POORNA,JUPITER,ASHWINI,1,PUNARVASU,7,4,VIRGO,6,22.781159567966483,82.85174213540151,11.508472571412694,GEMINI,3,ARIES,1,ARIES,CANCER,PISCES,10,True,12,False,True,Rising,24047.6,24076.55,24015.85,24038.4,28.950000000000728,31.75,60.70000000000073,13,-0.038257456045497636,Bearish,Neutral,9.19999999999709
2026-07-09,8,JUPITER,2026-07-09 12:57:37.615965+05:30,2026-07-09 14:04:53.783019+05:30,True,3,KRISHNA_DASHAMI,25,KRISHNA,POORNA,JUPITER,ASHWINI,1,PUNARVASU,7,4,LIBRA,7,8.074417391641845,82.89629279938441,12.167553872448776,GEMINI,3,ARIES,1,ARIES,CANCER,PISCES,10,True,12,False,True,Rising,24038.95,24082.35,24025.1,24046.7,43.39999999999782,13.850000000002183,57.25,13,0.0322393448965117,Bullish,Neutral,7.75
2026-07-09,9,MARS,2026-07-09 14:04:53.783019+05:30,2026-07-09 15:12:09.950073+05:30,True,3,KRISHNA_DASHAMI,25,KRISHNA,POORNA,JUPITER,ASHWINI,1,PUNARVASU,7,4,LIBRA,7,23.079090787060636,82.94084371883041,12.827532552289796,GEMINI,3,ARIES,1,ARIES,CANCER,PISCES,10,True,12,False,True,Rising,24047.35,24078.6,23925.7,23940.5,31.25,121.64999999999782,152.89999999999782,14,-0.44433170390915655,Bearish,Bear,106.84999999999854
2026-07-09,10,SUN,2026-07-09 15:12:09.950073+05:30,2026-07-09 16:19:26.117127+05:30,True,3,KRISHNA_DASHAMI,25,KRISHNA,POORNA,JUPITER,BHARANI,2,PUNARVASU,7,1,SCORPIO,8,7.868616787463736,82.98539489449234,13.488406786569024,GEMINI,3,ARIES,1,ARIES,LEO,PISCES,10,True,12,False,True,Rising,23940.3,23983.4,23938.75,23981.9,43.10000000000218,1.5499999999992724,44.650000000001455,3,0.17376557520165656,Bullish,Neutral,41.60000000000218
2026-07-10,4,SATURN,2026-07-10 08:28:48.993823+05:30,2026-07-10 09:36:02.633647+05:30,True,4,KRISHNA_EKADASHI,26,KRISHNA,NANDA,VENUS,BHARANI,2,PUNARVASU,7,4,LEO,5,7.3675150071488815,83.6719800881808,23.783930182755523,GEMINI,3,ARIES,1,TAURUS,SCORPIO,PISCES,10,True,12,False,True,Rising,24124.7,24196.85,24120.35,24192.25,72.14999999999782,4.350000000002183,76.5,5,0.2800034819085803,Bullish,Bull,67.54999999999927
2026-07-10,5,JUPITER,2026-07-10 09:36:02.633647+05:30,2026-07-10 10:43:16.273471+05:30,True,4,KRISHNA_EKADASHI,26,KRISHNA,NANDA,VENUS,BHARANI,2,PUNARVASU,7,4,LEO,5,22.717389027640394,83.7165076218445,24.45862629270048,GEMINI,3,ARIES,1,TAURUS,SCORPIO,PISCES,10,True,12,False,True,Rising,24193.1,24226.05,24187.95,24210.85,32.95000000000073,5.149999999997817,38.099999999998545,13,0.07336802642075634,Bullish,Neutral,17.75
2026-07-10,6,MARS,2026-07-10 10:43:16.273471+05:30,2026-07-10 11:50:29.913295+05:30,True,4,KRISHNA_EKADASHI,26,KRISHNA,NANDA,VENUS,BHARANI,2,PUNARVASU,7,4,VIRGO,6,8.232418408873002,83.76103541547677,25.134149755278614,GEMINI,3,ARIES,1,TAURUS,SCORPIO,PISCES,10,True,12,False,True,Rising,24213.3,24213.45,24152.05,24157.35,0.1500000000014552,61.25,61.400000000001455,14,-0.23107135334713041,Bearish,Bear,55.95000000000073
2026-07-10,7,SUN,2026-07-10 11:50:29.913295+05:30,2026-07-10 12:57:43.553119+05:30,True,4,KRISHNA_EKADASHI,26,KRISHNA,NANDA,VENUS,BHARANI,2,PUNARVASU,7,4,VIRGO,6,23.714420049301452,83.8055634696752,25.81049459854789,GEMINI,3,ARIES,1,TAURUS,SCORPIO,PISCES,10,True,12,False,True,Rising,24159.05,24199.8,24155.85,24181.35,40.75,3.2000000000007276,43.95000000000073,13,0.09230495404413366,Bullish,Neutral,22.299999999999272
2026-07-10,8,VENUS,2026-07-10 12:57:43.553119+05:30,2026-07-10 14:04:57.192943+05:30,True,4,KRISHNA_EKADASHI,26,KRISHNA,NANDA,VENUS,BHARANI,2,PUNARVASU,7,4,LIBRA,7,8.981655245017407,83.85009178410814,26.487654605144968,GEMINI,3,ARIES,1,TAURUS,SCORPIO,PISCES,10,True,12,False,True,Rising,24184.45,24207.3,24160.75,24192.8,22.849999999998545,23.700000000000728,46.54999999999927,13,0.03452631753047328,Bullish,Neutral,8.349999999998545
2026-07-10,9,MERCURY,2026-07-10 14:04:57.192943+05:30,2026-07-10 15:12:10.832767+05:30,True,4,KRISHNA_EKADASHI,26,KRISHNA,NANDA,VENUS,KRITTIKA,3,PUNARVASU,7,1,LIBRA,7,23.960406157181012,83.89462035946245,27.16562332540834,GEMINI,3,ARIES,1,TAURUS,SAGITTARIUS,PISCES,10,True,12,False,True,Rising,24193.1,24228.45,24173.6,24208.65,35.35000000000218,19.5,54.85000000000218,14,0.06427452455453378,Bullish,Neutral,15.55000000000291
2026-07-10,10,MOON,2026-07-10 15:12:10.832767+05:30,2026-07-10 16:19:24.472591+05:30,True,4,KRISHNA_EKADASHI,26,KRISHNA,NANDA,VENUS,KRITTIKA,3,PUNARVASU,7,1,SCORPIO,8,8.733835916689998,83.93914919484018,27.84439404955065,GEMINI,3,ARIES,1,TAURUS,SAGITTARIUS,PISCES,10,True,12,False,True,Rising,24208.35,24220.95,24197.25,24211.65,12.600000000002183,11.099999999998545,23.700000000000728,3,0.013631660150332058,Bullish,Neutral,3.3000000000029104
2026-07-13,4,MARS,2026-07-13 08:29:36.719237+05:30,2026-07-13 09:36:42.038065+05:30,True,0,KRISHNA_CHATURDASHI,29,KRISHNA,RIKTA,SATURN,ARDRA,6,PUNARVASU,7,1,LEO,5,10.222582866652772,86.53434163041273,68.42861940433713,GEMINI,3,GEMINI,3,TAURUS,SAGITTARIUS,PISCES,10,True,10,True,False,,24039.4,24070.85,24000.2,24067.95,31.44999999999709,39.20000000000073,70.64999999999782,5,0.11876336347828678,Bullish,Neutral,28.549999999999272
2026-07-13,5,SUN,2026-07-13 09:36:42.038065+05:30,2026-07-13 10:43:47.356893+05:30,True,0,KRISHNA_CHATURDASHI,29,KRISHNA,RIKTA,SATURN,ARDRA,6,PUNARVASU,7,1,LEO,5,25.583889917133774,86.57879301594521,69.13344492559337,GEMINI,3,GEMINI,3,TAURUS,SAGITTARIUS,PISCES,10,True,10,True,False,,24068.7,24157.4,24065.35,24141.65,88.70000000000073,3.350000000002183,92.05000000000291,13,0.30309073610124654,Bullish,Bull,72.95000000000073
2026-07-13,6,VENUS,2026-07-13 10:43:47.356893+05:30,2026-07-13 11:50:52.675721+05:30,True,0,KRISHNA_CHATURDASHI,29,KRISHNA,RIKTA,SATURN,ARDRA,6,PUNARVASU,7,1,VIRGO,6,11.076675030843262,86.62324461363063,69.83828867490323,GEMINI,3,GEMINI,3,TAURUS,SAGITTARIUS,PISCES,10,True,10,True,False,,24142.8,24162.05,24116.2,24142.05,19.25,26.599999999998545,45.849999999998545,14,-0.0031065162284407777,Bearish,Neutral,0.75
2026-07-13,7,MERCURY,2026-07-13 11:50:52.675721+05:30,2026-07-13 12:57:57.994549+05:30,True,0,KRISHNA_CHATURDASHI,29,KRISHNA,RIKTA,SATURN,ARDRA,6,PUNARVASU,7,2,VIRGO,6,26.499105073977347,86.66769642248208,70.54313380314393,GEMINI,3,GEMINI,3,GEMINI,CAPRICORN,PISCES,10,True,10,True,False,,24143.6,24259.8,24132.15,24223.75,116.20000000000073,11.44999999999709,127.64999999999782,13,0.33197203399659314,Bullish,Bull,80.15000000000146
2026-07-13,8,MOON,2026-07-13 12:57:57.994549+05:30,2026-07-13 14:05:03.313377+05:30,True,0,KRISHNA_CHATURDASHI,29,KRISHNA,RIKTA,SATURN,ARDRA,6,PUNARVASU,7,2,LIBRA,7,11.684251860141558,86.71214844206713,71.24796345848998,GEMINI,3,GEMINI,3,GEMINI,CAPRICORN,PISCES,10,True,10,True,False,,24223.4,24225.2,24161.8,24203.2,1.7999999999992724,61.60000000000218,63.400000000001455,14,-0.08339044064830176,Bearish,Neutral,20.200000000000728
2026-07-13,9,SATURN,2026-07-13 14:05:03.313377+05:30,2026-07-13 15:12:08.632205+05:30,True,0,KRISHNA_CHATURDASHI,29,KRISHNA,RIKTA,SATURN,ARDRA,6,PUNARVASU,7,2,LIBRA,7,26.584759002169562,86.7566006701981,71.95276075805603,GEMINI,3,GEMINI,3,GEMINI,CAPRICORN,PISCES,10,True,10,True,False,,24203.45,24250.85,24201.25,24205.7,47.39999999999782,2.2000000000007276,49.599999999998545,13,0.00929619537710533,Bullish,Neutral,2.25
2026-07-13,10,JUPITER,2026-07-13 15:12:08.632205+05:30,2026-07-13 16:19:13.951033+05:30,True,0,KRISHNA_CHATURDASHI,29,KRISHNA,RIKTA,SATURN,ARDRA,6,PUNARVASU,7,2,SCORPIO,8,11.312603937277174,86.80105310550212,72.65750881493781,GEMINI,3,GEMINI,3,GEMINI,CAPRICORN,PISCES,10,True,10,True,False,,24204.8,24211.15,24191.9,24211.15,6.350000000002183,12.899999999997817,19.25,3,0.026234465891071947,Bullish,Neutral,6.350000000002183
2026-07-14,4,MERCURY,2026-07-14 08:29:52.419850+05:30,2026-07-14 09:36:54.724904+05:30,True,1,AMAVASYA,30,KRISHNA,POORNA,JUPITER,PUNARVASU,7,PUNARVASU,7,2,LEO,5,11.175698496718383,87.48867049226715,83.53986202735456,GEMINI,3,GEMINI,3,GEMINI,TAURUS,PISCES,10,True,10,True,False,,24068.0,24157.1,24050.55,24104.9,89.09999999999854,17.450000000000728,106.54999999999927,5,0.15331560578361914,Bullish,Neutral,36.900000000001455
2026-07-14,5,MOON,2026-07-14 09:36:54.724904+05:30,2026-07-14 10:43:57.029958+05:30,True,1,AMAVASYA,30,KRISHNA,POORNA,JUPITER,PUNARVASU,7,PUNARVASU,7,2,LEO,5,26.538778708979805,87.5330928589412,84.24087028035113,GEMINI,3,GEMINI,3,GEMINI,TAURUS,PISCES,10,True,10,True,False,,24106.25,24109.95,24038.1,24100.5,3.7000000000007276,68.15000000000146,71.85000000000218,13,-0.02385273528649209,Bearish,Neutral,5.75
2026-07-14,6,SATURN,2026-07-14 10:43:57.029958+05:30,2026-07-14 11:50:59.335012+05:30,True,1,AMAVASYA,30,KRISHNA,POORNA,JUPITER,PUNARVASU,7,PUNARVASU,7,2,VIRGO,6,12.021626973128974,87.57751540762496,84.94154094787108,GEMINI,3,GEMINI,3,GEMINI,TAURUS,PISCES,10,True,10,True,False,,24102.05,24146.35,24091.75,24109.65,44.29999999999927,10.299999999999272,54.599999999998545,14,0.0315325874770079,Bullish,Neutral,7.600000000002183
2026-07-14,7,JUPITER,2026-07-14 11:50:59.335012+05:30,2026-07-14 12:58:01.640066+05:30,True,1,AMAVASYA,30,KRISHNA,POORNA,JUPITER,PUNARVASU,7,PUNARVASU,7,2,VIRGO,6,27.422027083771837,87.62193813739111,85.64185824668635,GEMINI,3,GEMINI,3,GEMINI,TAURUS,PISCES,10,True,10,True,False,,24111.0,24116.25,24054.85,24078.0,5.25,56.150000000001455,61.400000000001455,13,-0.1368669901704616,Bearish,Neutral,33.0
2026-07-14,8,MARS,2026-07-14 12:58:01.640066+05:30,2026-07-14 14:05:03.945120+05:30,True,1,AMAVASYA,30,KRISHNA,POORNA,JUPITER,PUNARVASU,7,PUNARVASU,7,2,LIBRA,7,12.578616519482154,87.66636104653904,86.34180650098514,GEMINI,3,GEMINI,3,GEMINI,TAURUS,PISCES,10,True,10,True,False,,24080.2,24097.35,24038.55,24052.4,17.149999999997817,41.650000000001455,58.79999999999927,14,-0.11544754611672357,Bearish,Neutral,27.799999999999272
2026-07-14,9,SUN,2026-07-14 14:05:03.945120+05:30,2026-07-14 15:12:06.250174+05:30,True,1,AMAVASYA,30,KRISHNA,POORNA,JUPITER,PUNARVASU,7,PUNARVASU,7,3,LIBRA,7,27.453019599723945,87.71078413390038,87.0413701552614,GEMINI,3,GEMINI,3,GEMINI,GEMINI,PISCES,10,True,10,True,False,,24054.35,24075.0,24023.7,24052.05,20.650000000001455,30.649999999997817,51.29999999999927,13,-0.009561680111910206,Bearish,Neutral,2.2999999999992724
2026-07-14,10,VENUS,2026-07-14 15:12:06.250174+05:30,2026-07-14 16:19:08.555228+05:30,True,1,AMAVASYA,30,KRISHNA,POORNA,JUPITER,PUNARVASU,7,PUNARVASU,7,3,SCORPIO,8,12.166666567654602,87.75520739800713,87.74053377913857,GEMINI,3,GEMINI,3,GEMINI,GEMINI,PISCES,10,True,10,True,False,,24052.5,24057.05,24027.45,24035.15,4.549999999999272,25.049999999999272,29.599999999998545,3,-0.07213387381768442,Bearish,Neutral,17.349999999998545
2026-07-15,4,JUPITER,2026-07-15 08:30:07.982781+05:30,2026-07-15 09:37:07.157301+05:30,True,2,SHUKLA_PRATIPADA,1,SHUKLA,NANDA,VENUS,PUSHYA,8,PUNARVASU,7,2,LEO,5,12.129367457023676,88.44308270523237,98.5044156461157,GEMINI,3,CANCER,4,GEMINI,VIRGO,PISCES,10,True,9,False,False,,24085.85,24218.15,24069.05,24195.5,132.3000000000029,16.799999999999272,149.10000000000218,5,0.45524654517071833,Bullish,Bull,109.65000000000146
2026-07-15,5,MARS,2026-07-15 09:37:07.157301+05:30,2026-07-15 10:44:06.331821+05:30,True,2,SHUKLA_PRATIPADA,1,SHUKLA,NANDA,VENUS,PUSHYA,8,PUNARVASU,7,2,LEO,5,27.49316940605786,88.48747410303426,99.19435715441723,GEMINI,3,CANCER,4,GEMINI,VIRGO,PISCES,10,True,9,False,False,,24196.75,24220.35,24173.5,24207.75,23.599999999998545,23.25,46.849999999998545,13,0.04546065070722308,Bullish,Neutral,11.0
2026-07-15,6,SUN,2026-07-15 10:44:06.331821+05:30,2026-07-15 11:51:05.506341+05:30,True,2,SHUKLA_PRATIPADA,1,SHUKLA,NANDA,VENUS,PUSHYA,8,PUNARVASU,7,2,VIRGO,6,12.96483278666335,88.53186565263367,99.88365518390219,GEMINI,3,CANCER,4,GEMINI,VIRGO,PISCES,10,True,9,False,False,,24207.45,24214.65,24166.8,24177.5,7.200000000000728,40.650000000001455,47.85000000000218,14,-0.123722242532777,Bearish,Neutral,29.950000000000728
2026-07-15,7,VENUS,2026-07-15 11:51:05.506341+05:30,2026-07-15 12:58:04.680861+05:30,True,2,SHUKLA_PRATIPADA,1,SHUKLA,NANDA,VENUS,PUSHYA,8,PUNARVASU,7,3,VIRGO,6,28.342171594446654,88.57625735306884,100.57229749040813,GEMINI,3,CANCER,4,GEMINI,LIBRA,PISCES,10,True,9,False,False,,24176.15,24194.35,24010.55,24054.0,18.19999999999709,165.60000000000218,183.79999999999927,13,-0.5052500087896603,Bearish,Strong Bear,122.15000000000146
2026-07-15,8,MERCURY,2026-07-15 12:58:04.680861+05:30,2026-07-15 14:05:03.855381+05:30,True,2,SHUKLA_DVITIYA,2,SHUKLA,BHADRA,MERCURY,PUSHYA,8,PUNARVASU,7,3,LIBRA,7,13.469680122943714,88.62064920316115,101.26027202981918,GEMINI,3,CANCER,4,GEMINI,LIBRA,PISCES,10,True,9,False,False,,24053.4,24098.8,24039.3,24089.05,45.39999999999782,14.100000000002183,59.5,14,0.1482118951998379,Bullish,Neutral,35.64999999999782
2026-07-15,9,MOON,2026-07-15 14:05:03.855381+05:30,2026-07-15 15:12:03.029901+05:30,True,2,SHUKLA_DVITIYA,2,SHUKLA,BHADRA,MERCURY,PUSHYA,8,PUNARVASU,7,3,LIBRA,7,28.31803448223866,88.6650412019391,101.94756697440386,GEMINI,3,CANCER,4,GEMINI,LIBRA,PISCES,10,True,9,False,False,,24088.65,24107.05,24061.05,24077.75,18.399999999997817,27.600000000002183,46.0,13,-0.045249526229163756,Bearish,Neutral,10.900000000001455
2026-07-15,10,SATURN,2026-07-15 15:12:03.029901+05:30,2026-07-15 16:19:02.204421+05:30,True,2,SHUKLA_DVITIYA,2,SHUKLA,BHADRA,MERCURY,PUSHYA,8,PUNARVASU,7,3,SCORPIO,8,13.01802743984095,88.70943334696962,102.6341706814116,GEMINI,3,CANCER,4,GEMINI,LIBRA,PISCES,10,True,9,False,False,,24076.1,24091.3,24069.8,24073.45,15.200000000000728,6.299999999999272,21.5,3,-0.011006766045986755,Bearish,Neutral,2.649999999997817
2026-07-16,4,VENUS,2026-07-16 08:30:23.388669+05:30,2026-07-16 09:37:19.317941+05:30,True,3,SHUKLA_DVITIYA,2,SHUKLA,BHADRA,MERCURY,ASHLESHA,9,PUNARVASU,7,2,LEO,5,13.08349268339552,89.39756433964835,113.18076073311074,GEMINI,3,CANCER,4,GEMINI,CAPRICORN,PISCES,10,True,9,False,False,,24142.1,24167.4,24097.05,24108.1,25.30000000000291,45.04999999999927,70.35000000000218,5,-0.14083281901740113,Bearish,Neutral,34.0
2026-07-16,5,MERCURY,2026-07-16 09:37:19.317941+05:30,2026-07-16 10:44:15.247213+05:30,True,3,SHUKLA_TRITIYA,3,SHUKLA,JAYA,MARS,ASHLESHA,9,PUNARVASU,7,3,LEO,5,28.446948118026285,89.44192289452687,113.8539354923755,GEMINI,3,CANCER,4,GEMINI,AQUARIUS,PISCES,10,True,9,False,False,,24110.45,24145.75,24106.3,24126.55,35.29999999999927,4.150000000001455,39.45000000000073,13,0.06677602450389164,Bullish,Neutral,16.099999999998545
2026-07-16,6,MOON,2026-07-16 10:44:15.247213+05:30,2026-07-16 11:51:11.176485+05:30,True,3,SHUKLA_TRITIYA,3,SHUKLA,JAYA,MARS,ASHLESHA,9,PUNARVASU,7,3,VIRGO,6,13.906189540962089,89.48628157639003,114.52625354127055,GEMINI,3,CANCER,4,GEMINI,AQUARIUS,PISCES,10,True,9,False,False,,24127.45,24186.5,24123.95,24152.75,59.04999999999927,3.5,62.54999999999927,14,0.10485981734497127,Bullish,Neutral,25.299999999999272
2026-07-16,7,SATURN,2026-07-16 11:51:11.176485+05:30,2026-07-16 12:58:07.105757+05:30,True,3,SHUKLA_TRITIYA,3,SHUKLA,JAYA,MARS,ASHLESHA,9,PUNARVASU,7,3,VIRGO,6,29.259470903045013,89.53064038436229,115.19770752898614,GEMINI,3,CANCER,4,GEMINI,AQUARIUS,PISCES,10,True,9,False,False,,24153.55,24163.45,24120.25,24124.55,9.900000000001455,33.29999999999927,43.20000000000073,13,-0.12006516640411036,Bearish,Neutral,29.0
2026-07-16,8,JUPITER,2026-07-16 12:58:07.105757+05:30,2026-07-16 14:05:03.035029+05:30,True,3,SHUKLA_TRITIYA,3,SHUKLA,JAYA,MARS,ASHLESHA,9,PUNARVASU,7,3,LIBRA,7,14.35741931277363,89.57499931712366,115.86829034274477,GEMINI,3,CANCER,4,GEMINI,AQUARIUS,PISCES,10,True,9,False,False,,24124.8,24130.75,24051.65,24091.05,5.950000000000728,73.14999999999782,79.09999999999854,14,-0.1398975328292877,Bearish,Neutral,33.75
2026-07-16,9,MARS,2026-07-16 14:05:03.035029+05:30,2026-07-16 15:11:58.964301+05:30,True,3,SHUKLA_TRITIYA,3,SHUKLA,JAYA,MARS,ASHLESHA,9,PUNARVASU,7,3,LIBRA,7,29.17981895330172,89.61935837458454,116.53799511426561,GEMINI,3,CANCER,4,GEMINI,AQUARIUS,PISCES,10,True,9,False,False,,24092.6,24126.55,24065.95,24071.1,33.95000000000073,26.649999999997817,60.599999999998545,13,-0.08923901944995559,Bearish,Neutral,21.5
2026-07-16,10,SUN,2026-07-16 15:11:58.964301+05:30,2026-07-16 16:18:54.893573+05:30,True,3,SHUKLA_TRITIYA,3,SHUKLA,JAYA,MARS,ASHLESHA,9,PUNARVASU,7,4,SCORPIO,8,13.86672860894123,89.66371755479966,117.20681519292775,GEMINI,3,CANCER,4,GEMINI,PISCES,PISCES,10,True,9,False,False,,24071.15,24090.15,24050.0,24081.1,19.0,21.150000000001455,40.150000000001455,3,0.041335789939396704,Bullish,Neutral,9.94999999999709
2026-07-17,4,SATURN,2026-07-17 08:30:38.618794+05:30,2026-07-17 09:37:31.190194+05:30,True,4,SHUKLA_CHATURTHI,4,SHUKLA,RIKTA,SATURN,MAGHA,10,PUNARVASU,7,3,LEO,5,14.03797583958496,90.3521036144939,127.46810676347225,CANCER,4,LEO,5,CANCER,GEMINI,PISCES,9,False,8,False,False,,24127.6,24225.35,24099.05,24219.15,97.75,28.549999999999272,126.29999999999927,5,0.37944097216467,Bullish,Bull,91.55000000000291
2026-07-17,5,JUPITER,2026-07-17 09:37:31.190194+05:30,2026-07-17 10:44:23.761594+05:30,True,4,SHUKLA_CHATURTHI,4,SHUKLA,RIKTA,SATURN,MAGHA,10,PUNARVASU,7,3,LEO,5,29.400002083271772,90.39642762312438,128.12101720431343,CANCER,4,LEO,5,CANCER,GEMINI,PISCES,9,False,8,False,False,,24218.45,24288.9,24210.25,24259.1,70.45000000000073,8.200000000000728,78.65000000000146,13,0.16784724043032406,Bullish,Neutral,40.64999999999782
2026-07-17,6,MARS,2026-07-17 10:44:23.761594+05:30,2026-07-17 11:51:16.332994+05:30,True,4,SHUKLA_CHATURTHI,4,SHUKLA,RIKTA,SATURN,MAGHA,10,PUNARVASU,7,3,VIRGO,6,14.845597631550532,90.44075174280589,128.77296619941495,CANCER,4,LEO,5,CANCER,GEMINI,PISCES,9,False,8,False,False,,24259.05,24282.5,24230.9,24279.0,23.450000000000728,28.149999999997817,51.599999999998545,14,0.0822373505969967,Bullish,Neutral,19.950000000000728
2026-07-17,7,SUN,2026-07-17 11:51:16.332994+05:30,2026-07-17 12:58:08.904394+05:30,True,4,SHUKLA_CHATURTHI,4,SHUKLA,RIKTA,SATURN,MAGHA,10,PUNARVASU,7,3,LIBRA,7,0.17386142775924895,90.48507597191855,129.4239513548198,CANCER,4,LEO,5,CANCER,GEMINI,PISCES,9,False,8,False,False,,24279.65,24297.5,24259.75,24283.3,17.849999999998545,19.900000000001455,37.75,13,0.015033165634586237,Bullish,Neutral,3.649999999997817
2026-07-17,8,VENUS,2026-07-17 12:58:08.904394+05:30,2026-07-17 14:05:01.475794+05:30,True,4,SHUKLA_CHATURTHI,4,SHUKLA,RIKTA,SATURN,MAGHA,10,PUNARVASU,7,4,LIBRA,7,15.241814718075517,90.52940030988027,130.07397051151906,CANCER,4,LEO,5,CANCER,CANCER,PISCES,9,False,8,False,False,,24283.5,24287.45,24213.45,24252.95,3.9500000000007276,70.04999999999927,74.0,14,-0.12580558815656423,Bearish,Neutral,30.549999999999272
2026-07-17,9,MERCURY,2026-07-17 14:05:01.475794+05:30,2026-07-17 15:11:54.047194+05:30,True,4,SHUKLA_CHATURTHI,4,SHUKLA,RIKTA,SATURN,MAGHA,10,PUNARVASU,7,4,SCORPIO,8,0.03839172425963966,90.57372475710885,130.7230217369096,CANCER,4,LEO,5,CANCER,CANCER,PISCES,9,False,8,False,False,,24253.25,24367.3,24252.75,24328.75,114.04999999999927,0.5,114.54999999999927,13,0.31129848576994834,Bullish,Bull,75.5
2026-07-17,10,MOON,2026-07-17 15:11:54.047194+05:30,2026-07-17 16:18:46.618594+05:30,True,4,SHUKLA_CHATURTHI,4,SHUKLA,RIKTA,SATURN,MAGHA,10,PUNARVASU,7,4,SCORPIO,8,14.712813963972394,90.6180493126811,131.37110329017557,CANCER,4,LEO,5,CANCER,CANCER,PISCES,9,False,8,False,False,,24328.9,24352.65,24320.3,24346.7,23.75,8.600000000002183,32.35000000000218,3,0.07316401481365484,Bullish,Neutral,17.799999999999272
